time,temp,heater output,goal temp
0.0015716552734375,127.094,50,125.27669386168694
1.5091056823730469,127.093,50,125.27669386168694
3.0170514583587646,127.092,50,125.27669386168694
4.524794578552246,127.091,50,125.27669386168694
6.032792091369629,127.091,50,125.27669386168694
7.540041923522949,127.09,50,125.27669386168694
9.047624349594116,127.09,50,125.27669386168694
10.555431365966797,127.089,50,125.27669386168694
12.063380002975464,127.088,50,125.27669386168694
13.571257591247559,127.087,50,125.27669386168694
15.079203367233276,127.087,50,125.27669386168694
16.58716630935669,127.086,50,125.27669386168694
18.0948326587677,127.086,50,125.27669386168694
19.60293221473694,127.086,50,125.27669386168694
21.11068320274353,127.085,50,125.27669386168694
22.618496417999268,127.085,50,125.27669386168694
24.126363515853882,127.085,50,125.27669386168694
25.634273529052734,127.084,50,125.27669386168694
27.142044067382812,127.084,50,125.27669386168694
28.64992356300354,127.083,50,125.27669386168694
30.157992601394653,127.083,50,125.27669386168694
31.666045904159546,127.083,50,125.27669386168694
33.17380952835083,127.083,50,125.27669386168694
34.68152713775635,127.082,50,125.27669386168694
36.18960666656494,127.082,50,125.27669386168694
37.697267293930054,127.082,50,125.27669386168694
39.2049298286438,127.082,50,125.27669386168694
40.71292042732239,127.082,50,125.27669386168694
42.220744609832764,127.082,50,125.27669386168694
43.72858142852783,127.082,50,125.27669386168694
45.23632192611694,127.082,50,125.27669386168694
46.74413228034973,127.082,50,125.27669386168694
48.25162935256958,127.082,50,125.27669386168694
49.759480476379395,127.082,50,125.27669386168694
51.26728343963623,127.082,50,125.27669386168694
52.77523732185364,127.082,50,125.27669386168694
54.2830126285553,127.081,50,125.27669386168694
55.791013956069946,127.082,50,125.27669386168694
57.29881048202515,127.082,50,125.27669386168694
58.80683517456055,127.082,50,125.27669386168694
60.31491994857788,127.083,50,125.27669386168694
61.82299184799194,127.082,50,125.27669386168694
63.330994844436646,127.083,50,125.27669386168694
64.83853602409363,127.083,50,125.27669386168694
66.34590816497803,127.083,50,125.27669386168694
67.85359477996826,127.083,50,125.27669386168694
69.36119627952576,127.083,50,125.27669386168694
70.8682312965393,127.083,50,125.27669386168694
72.37522530555725,127.084,50,125.27669386168694
73.88260889053345,127.084,50,125.27669386168694
75.38951396942139,127.084,50,125.27669386168694
76.89674305915833,127.084,50,125.27669386168694
78.40404987335205,127.085,50,125.27669386168694
79.91123008728027,127.085,50,125.27669386168694
81.41837072372437,127.085,50,125.27669386168694
82.92569303512573,127.085,50,125.27669386168694
84.43280792236328,127.085,50,125.27669386168694
85.93985033035278,127.085,50,125.27669386168694
87.44663786888123,127.086,50,125.27669386168694
88.95417714118958,127.086,50,125.27669386168694
90.46107244491577,127.086,50,125.27669386168694
91.96734285354614,127.086,50,125.27669386168694
93.4744942188263,127.087,50,125.27669386168694
94.98214960098267,127.087,50,125.27669386168694
96.48976182937622,127.087,50,125.27669386168694
97.99718832969666,127.087,50,125.27669386168694
99.50380516052246,127.088,50,125.27669386168694
101.01120781898499,127.088,50,125.27669386168694
102.51855683326721,127.088,50,125.27669386168694
104.0259759426117,127.088,50,125.27669386168694
105.53347635269165,127.089,50,125.27669386168694
107.04091572761536,127.089,50,125.27669386168694
108.54793190956116,127.089,50,125.27669386168694
110.0552430152893,127.09,50,125.27669386168694
111.5616729259491,127.089,50,125.27669386168694
113.06903791427612,127.09,50,125.27669386168694
114.57611560821533,127.09,50,125.27669386168694
116.0821647644043,127.091,50,125.27669386168694
117.58970379829407,127.091,50,125.27669386168694
119.09686398506165,127.091,50,125.27669386168694
120.60406756401062,127.092,50,125.27669386168694
122.11120343208313,127.092,50,125.27669386168694
123.61886715888977,127.093,50,125.27669386168694
125.12647485733032,127.093,50,125.27669386168694
126.63388109207153,127.093,50,125.27669386168694
128.14154982566833,127.094,50,125.27669386168694
129.6488175392151,127.094,50,125.27669386168694
131.15601634979248,127.095,50,125.27669386168694
132.66329908370972,127.095,50,125.27669386168694
134.17046666145325,127.095,50,125.27669386168694
135.67796444892883,127.095,50,125.27669386168694
137.1852605342865,127.096,50,125.27669386168694
138.69276809692383,127.096,50,125.27669386168694
140.19982242584229,127.097,50,125.27669386168694
141.70724034309387,127.097,50,125.27669386168694
143.21463346481323,127.097,50,125.27669386168694
144.72211146354675,127.098,50,125.27669386168694
146.22953701019287,127.098,50,125.27669386168694
147.73687601089478,127.098,50,125.27669386168694
149.24393391609192,127.099,50,125.27669386168694
150.75114130973816,127.099,50,125.27669386168694
152.25817441940308,127.1,50,125.27669386168694
153.76545786857605,127.1,50,125.27669386168694
155.27265667915344,127.1,50,125.27669386168694
156.77940940856934,127.101,50,125.27669386168694
158.2865915298462,127.101,50,125.27669386168694
159.79379653930664,127.102,50,125.27669386168694
161.30139923095703,127.102,50,125.27669386168694
162.80820512771606,127.103,50,125.27669386168694
164.31555557250977,127.103,50,125.27669386168694
165.82279777526855,127.103,50,125.27669386168694
167.3300449848175,127.103,50,125.27669386168694
168.83723068237305,127.104,50,125.27669386168694
170.34382367134094,127.104,50,125.27669386168694
171.85078501701355,127.105,50,125.27669386168694
173.35829877853394,127.105,50,125.27669386168694
174.8657886981964,127.106,50,125.27669386168694
176.3730592727661,127.106,50,125.27669386168694
177.8799192905426,127.106,50,125.27669386168694
179.38648056983948,127.107,50,125.27669386168694
180.89327836036682,127.107,50,125.27669386168694
182.40003395080566,127.108,50,125.27669386168694
183.90698337554932,127.108,50,125.27669386168694
185.41387104988098,127.109,50,125.27669386168694
186.92176628112793,127.109,50,125.27669386168694
188.429185628891,127.11,50,125.27669386168694
189.93611121177673,127.11,50,125.27669386168694
191.44317293167114,127.11,50,125.27669386168694
192.95038652420044,127.111,50,125.27669386168694
194.45771408081055,127.111,50,125.27669386168694
195.96525835990906,127.112,50,125.27669386168694
197.47193121910095,127.112,50,125.27669386168694
198.97928428649902,127.112,50,125.27669386168694
200.4865288734436,127.113,50,125.27669386168694
201.9937620162964,127.113,50,125.27669386168694
203.5007004737854,127.114,50,125.27669386168694
205.00824737548828,127.114,50,125.27669386168694
206.51523327827454,127.114,50,125.27669386168694
208.0224747657776,127.115,50,125.27669386168694
209.5298945903778,127.115,50,125.27669386168694
211.0370421409607,127.116,50,125.27669386168694
212.54442477226257,127.116,50,125.27669386168694
214.0515604019165,127.116,50,125.27669386168694
215.55849981307983,127.117,50,125.27669386168694
217.06586480140686,127.117,50,125.27669386168694
218.57348227500916,127.118,50,125.27669386168694
220.08062863349915,127.118,50,125.27669386168694
221.5870759487152,127.118,50,125.27669386168694
223.09409379959106,127.119,50,125.27669386168694
224.60149717330933,127.119,50,125.27669386168694
226.10842156410217,127.119,50,125.27669386168694
227.61519169807434,127.12,50,125.27669386168694
229.12238693237305,127.12,50,125.27669386168694
230.62984466552734,127.12,50,125.27669386168694
232.13748908042908,127.121,50,125.27669386168694
233.64447331428528,127.121,50,125.27669386168694
235.15136289596558,127.122,50,125.27669386168694
236.65878677368164,127.122,50,125.27669386168694
238.16630101203918,127.122,50,125.27669386168694
239.67320084571838,127.122,50,125.27669386168694
241.1802089214325,127.123,50,125.27669386168694
242.68702030181885,127.123,50,125.27669386168694
244.19422388076782,127.123,50,125.27669386168694
245.70164918899536,127.124,50,125.27669386168694
247.20903635025024,127.124,50,125.27669386168694
248.7158646583557,127.124,50,125.27669386168694
250.222918510437,127.124,50,125.27669386168694
251.730304479599,127.124,50,125.27669386168694
253.23771119117737,127.125,50,125.27669386168694
254.7447862625122,127.125,50,125.27669386168694
256.2518939971924,127.125,50,125.27669386168694
257.7590985298157,127.126,50,125.27669386168694
259.2661862373352,127.126,50,125.27669386168694
260.7734839916229,127.126,50,125.27669386168694
262.28096079826355,127.126,50,125.27669386168694
263.7878460884094,127.126,50,125.27669386168694
265.2942695617676,127.127,50,125.27669386168694
266.8017041683197,127.127,50,125.27669386168694
268.3086588382721,127.127,50,125.27669386168694
269.81548142433167,127.127,50,125.27669386168694
271.3225038051605,127.127,50,125.27669386168694
272.8296468257904,127.127,50,125.27669386168694
274.3364715576172,127.127,50,125.27669386168694
275.8432767391205,127.127,50,125.27669386168694
277.3504068851471,127.127,50,125.27669386168694
278.8582179546356,127.127,50,125.27669386168694
280.3658685684204,127.128,50,125.27669386168694
281.8737483024597,127.128,50,125.27669386168694
283.3809223175049,127.128,50,125.27669386168694
284.8887288570404,127.128,50,125.27669386168694
286.3962643146515,127.128,50,125.27669386168694
287.9038643836975,127.128,50,125.27669386168694
289.41136479377747,127.128,50,125.27669386168694
290.9191553592682,127.128,50,125.27669386168694
292.4267497062683,127.128,50,125.27669386168694
293.9347496032715,127.128,50,125.27669386168694
295.4424123764038,127.128,50,125.27669386168694
296.9502272605896,127.128,50,125.27669386168694
298.458087682724,127.129,50,125.27669386168694
299.96585154533386,127.129,50,125.27669386168694
301.4734699726105,127.129,50,125.27669386168694
302.98136353492737,127.129,50,125.27669386168694
304.48871397972107,127.129,50,125.27669386168694
305.996075630188,127.129,50,125.27669386168694
307.5037245750427,127.129,50,125.27669386168694
309.0115773677826,127.129,50,125.27669386168694
310.51839113235474,127.129,50,125.27669386168694
312.0263867378235,127.13,50,125.27669386168694
313.5339653491974,127.13,50,125.27669386168694
315.04172444343567,127.13,50,125.27669386168694
316.5496242046356,127.13,50,125.27669386168694
318.0572807788849,127.13,50,125.27669386168694
319.5648217201233,127.13,50,125.27669386168694
321.07259583473206,127.13,50,125.27669386168694
322.5802345275879,127.131,50,125.27669386168694
324.0878863334656,127.13,50,125.27669386168694
325.59576654434204,127.131,50,125.27669386168694
327.1031165122986,127.131,50,125.27669386168694
328.6111161708832,127.131,50,125.27669386168694
330.11900210380554,127.131,50,125.27669386168694
331.627001285553,127.131,50,125.27669386168694
333.1346549987793,127.131,50,125.27669386168694
334.6425440311432,127.131,50,125.27669386168694
336.15022349357605,127.131,50,125.27669386168694
337.65784740448,127.131,50,125.27669386168694
339.1657946109772,127.131,50,125.27669386168694
340.6736466884613,127.131,50,125.27669386168694
342.18138217926025,127.13,50,125.27669386168694
343.68955540657043,127.131,50,125.27669386168694
345.1971905231476,127.13,50,125.27669386168694
346.70454573631287,127.131,50,125.27669386168694
348.2122242450714,127.13,50,125.27669386168694
349.7200243473053,127.13,50,125.27669386168694
351.2278754711151,127.13,50,125.27669386168694
352.73575592041016,127.13,50,125.27669386168694
354.2431855201721,127.13,50,125.27669386168694
355.7511863708496,127.129,50,125.27669386168694
357.2591464519501,127.129,50,125.27669386168694
358.76692390441895,127.129,50,125.27669386168694
360.2750618457794,127.129,50,125.27669386168694
361.7826979160309,127.129,50,125.27669386168694
363.29044246673584,127.128,50,125.27669386168694
364.7984483242035,127.128,50,125.27669386168694
366.30647373199463,127.128,50,125.27669386168694
367.81449460983276,127.127,50,125.27669386168694
369.322261095047,127.127,50,125.27669386168694
370.8301477432251,127.127,50,125.27669386168694
372.33791613578796,127.127,50,125.27669386168694
373.8459129333496,127.126,50,125.27669386168694
375.3536603450775,127.126,50,125.27669386168694
376.86137557029724,127.126,50,125.27669386168694
378.3692924976349,127.126,50,125.27669386168694
379.87668895721436,127.126,50,125.27669386168694
381.3844790458679,127.126,50,125.27669386168694
382.89240980148315,127.126,50,125.27669386168694
384.4001581668854,127.125,50,125.27669386168694
385.9081497192383,127.125,50,125.27669386168694
387.4156086444855,127.125,50,125.27669386168694
388.92357778549194,127.125,50,125.27669386168694
390.4304003715515,127.125,50,125.27669386168694
391.9377644062042,127.125,50,125.27669386168694
393.4454770088196,127.124,50,125.27669386168694
394.9532825946808,127.124,50,125.27669386168694
396.461065530777,127.124,50,125.27669386168694
397.96884298324585,127.124,50,125.27669386168694
399.4765100479126,127.124,50,125.27669386168694
400.9843502044678,127.123,50,125.27669386168694
402.49176812171936,127.123,50,125.27669386168694
403.9994366168976,127.123,50,125.27669386168694
405.5067095756531,127.122,50,125.27669386168694
407.01476883888245,127.121,50,125.27669386168694
408.5225579738617,127.121,50,125.27669386168694
410.03043508529663,127.12,50,125.27669386168694
411.5382511615753,127.119,50,125.27669386168694
413.0458199977875,127.118,50,125.27669386168694
414.55360770225525,127.117,50,125.27669386168694
416.0613956451416,127.117,50,125.27669386168694
417.5690107345581,127.115,50,125.27669386168694
419.0768370628357,127.114,50,125.27669386168694
420.5846219062805,127.114,50,125.27669386168694
422.09260988235474,127.112,50,125.27669386168694
423.6003556251526,127.112,50,125.27669386168694
425.1078796386719,127.11,50,125.27669386168694
426.61535382270813,127.109,50,125.27669386168694
428.1232659816742,127.108,50,125.27669386168694
429.63116931915283,127.107,50,125.27669386168694
431.13911986351013,127.106,50,125.27669386168694
432.64704942703247,127.105,50,125.27669386168694
434.15455985069275,127.104,50,125.27669386168694
435.66256284713745,127.103,50,125.27669386168694
437.170387506485,127.102,50,125.27669386168694
438.6783595085144,127.101,50,125.27669386168694
440.1862382888794,127.1,50,125.27669386168694
441.6940245628357,127.099,50,125.27669386168694
443.2021119594574,127.098,50,125.27669386168694
444.7099115848541,127.097,50,125.27669386168694
446.21756410598755,127.096,50,125.27669386168694
447.7253210544586,127.095,50,125.27669386168694
449.2331852912903,127.095,50,125.27669386168694
450.7407486438751,127.093,50,125.27669386168694
452.2483284473419,127.093,50,125.27669386168694
453.7560558319092,127.092,50,125.27669386168694
455.2640516757965,127.091,50,125.27669386168694
456.77162432670593,127.09,50,125.27669386168694
458.2792851924896,127.09,50,125.27669386168694
459.78692841529846,127.09,50,125.27669386168694
461.29467821121216,127.088,50,125.27669386168694
462.8024432659149,127.088,50,125.27669386168694
464.31020498275757,127.087,50,125.27669386168694
465.8182463645935,127.086,50,125.27669386168694
467.3261489868164,127.086,50,125.27669386168694
468.83378648757935,127.085,50,125.27669386168694
470.3415286540985,127.085,50,125.27669386168694
471.84935426712036,127.085,50,125.27669386168694
473.35705971717834,127.084,50,125.27669386168694
474.8646140098572,127.084,50,125.27669386168694
476.372278213501,127.083,50,125.27669386168694
477.8801112174988,127.083,50,125.27669386168694
479.3877594470978,127.082,50,125.27669386168694
480.8955442905426,127.082,50,125.27669386168694
482.40333795547485,127.082,50,125.27669386168694
483.9111502170563,127.081,50,125.27669386168694
485.4190492630005,127.081,50,125.27669386168694
486.92679381370544,127.081,50,125.27669386168694
488.4345965385437,127.08,50,125.27669386168694
489.9425871372223,127.08,50,125.27669386168694
491.450608253479,127.08,50,125.27669386168694
492.9586238861084,127.08,50,125.27669386168694
494.4664218425751,127.08,50,125.27669386168694
495.9741997718811,127.08,50,125.27669386168694
497.4821574687958,127.08,50,125.27669386168694
498.98975348472595,127.079,50,125.27669386168694
500.4974889755249,127.08,50,125.27669386168694
502.00510811805725,127.079,50,125.27669386168694
503.512907743454,127.079,50,125.27669386168694
505.0207030773163,127.079,50,125.27669386168694
506.5284378528595,127.079,50,125.27669386168694
508.03595519065857,127.079,50,125.27669386168694
509.54358172416687,127.079,50,125.27669386168694
511.05159544944763,127.079,50,125.27669386168694
512.559342622757,127.079,50,125.27669386168694
514.0671229362488,127.08,50,125.27669386168694
515.5747890472412,127.079,50,125.27669386168694
517.0828926563263,127.079,50,125.27669386168694
518.5906686782837,127.079,50,125.27669386168694
520.0986623764038,127.079,50,125.27669386168694
521.6064562797546,127.08,50,125.27669386168694
523.1144740581512,127.08,50,125.27669386168694
524.6225972175598,127.08,50,125.27669386168694
526.1303291320801,127.08,50,125.27669386168694
527.6383707523346,127.081,50,125.27669386168694
529.1462359428406,127.081,50,125.27669386168694
530.6538667678833,127.081,50,125.27669386168694
532.1616849899292,127.081,50,125.27669386168694
533.6697628498077,127.081,50,125.27669386168694
535.1777935028076,127.082,50,125.27669386168694
536.6859574317932,127.082,50,125.27669386168694
538.193779706955,127.082,50,125.27669386168694
539.7012596130371,127.083,50,125.27669386168694
541.2092444896698,127.083,50,125.27669386168694
542.716634273529,127.083,50,125.27669386168694
544.2238702774048,127.083,50,125.27669386168694
545.731537103653,127.083,50,125.27669386168694
547.2395710945129,127.083,50,125.27669386168694
548.747406244278,127.083,50,125.27669386168694
550.2553377151489,127.083,50,125.27669386168694
551.7632143497467,127.083,50,125.27669386168694
553.2711470127106,127.083,50,125.27669386168694
554.7789375782013,127.083,50,125.27669386168694
556.2866315841675,127.083,50,125.27669386168694
557.7943789958954,127.083,50,125.27669386168694
559.3022019863129,127.082,50,125.27669386168694
560.8103218078613,127.082,50,125.27669386168694
562.3180701732635,127.082,50,125.27669386168694
563.8259878158569,127.081,50,125.27669386168694
565.3341298103333,127.081,50,125.27669386168694
566.8420293331146,127.081,50,125.27669386168694
568.3500304222107,127.081,50,125.27669386168694
569.8580377101898,127.08,50,125.27669386168694
571.3659529685974,127.08,50,125.27669386168694
572.8742299079895,127.079,50,125.27669386168694
574.3820111751556,127.079,50,125.27669386168694
575.88960313797,127.078,50,125.27669386168694
577.3972659111023,127.079,50,125.27669386168694
578.9048945903778,127.079,50,125.27669386168694
580.4125881195068,127.078,50,125.27669386168694
581.9205622673035,127.078,50,125.27669386168694
583.4284183979034,127.077,50,125.27669386168694
584.9362442493439,127.077,50,125.27669386168694
586.4438235759735,127.077,50,125.27669386168694
587.9516050815582,127.077,50,125.27669386168694
589.459142446518,127.076,50,125.27669386168694
590.9668405056,127.076,50,125.27669386168694
592.474538564682,127.076,50,125.27669386168694
593.9825663566589,127.076,50,125.27669386168694
595.4904406070709,127.075,50,125.27669386168694
596.9984548091888,127.075,50,125.27669386168694
598.5062487125397,127.075,50,125.27669386168694
600.0142514705658,127.075,50,125.27669386168694
601.5249228477478,127.075,54,131.7640425281641
603.5378348827362,127.076,54,131.7640425281641
605.0456895828247,127.082,54,131.7640425281641
606.5535650253296,127.089,54,131.7640425281641
608.0609152317047,127.096,54,131.7640425281641
609.5686297416687,127.103,54,131.7640425281641
611.0764923095703,127.111,54,131.7640425281641
612.5842535495758,127.119,54,131.7640425281641
614.0920975208282,127.128,54,131.7640425281641
615.5999028682709,127.136,54,131.7640425281641
617.1075360774994,127.145,54,131.7640425281641
618.6149711608887,127.154,54,131.7640425281641
620.1227126121521,127.162,54,131.7640425281641
621.6305837631226,127.17,54,131.7640425281641
623.1383125782013,127.179,54,131.7640425281641
624.6465013027191,127.188,54,131.7640425281641
626.1542382240295,127.196,54,131.7640425281641
627.662134885788,127.204,54,131.7640425281641
629.1701903343201,127.213,54,131.7640425281641
630.678094625473,127.221,54,131.7640425281641
632.1858706474304,127.229,54,131.7640425281641
633.6939570903778,127.238,54,131.7640425281641
635.2018127441406,127.246,54,131.7640425281641
636.7098319530487,127.255,54,131.7640425281641
638.2174274921417,127.263,54,131.7640425281641
639.7252244949341,127.272,54,131.7640425281641
641.2328999042511,127.28,54,131.7640425281641
642.7406723499298,127.288,54,131.7640425281641
644.2481000423431,127.296,54,131.7640425281641
645.7558352947235,127.304,54,131.7640425281641
647.2637248039246,127.312,54,131.7640425281641
648.7713131904602,127.32,54,131.7640425281641
650.2789506912231,127.328,54,131.7640425281641
651.7867603302002,127.336,54,131.7640425281641
653.2945928573608,127.344,54,131.7640425281641
654.8022844791412,127.352,54,131.7640425281641
656.3100216388702,127.36,54,131.7640425281641
657.8179306983948,127.368,54,131.7640425281641
659.3256061077118,127.376,54,131.7640425281641
660.8335516452789,127.384,54,131.7640425281641
662.3410503864288,127.392,54,131.7640425281641
663.8486595153809,127.399,54,131.7640425281641
665.3563055992126,127.407,54,131.7640425281641
666.8639600276947,127.414,54,131.7640425281641
668.3719606399536,127.422,54,131.7640425281641
669.8799939155579,127.429,54,131.7640425281641
671.3878591060638,127.437,54,131.7640425281641
672.8955669403076,127.444,54,131.7640425281641
674.4033708572388,127.452,54,131.7640425281641
675.9114487171173,127.459,54,131.7640425281641
677.4193849563599,127.467,54,131.7640425281641
678.9271554946899,127.474,54,131.7640425281641
680.4350197315216,127.481,54,131.7640425281641
681.9427738189697,127.489,54,131.7640425281641
683.4506418704987,127.496,54,131.7640425281641
684.9584867954254,127.503,54,131.7640425281641
686.4661021232605,127.51,54,131.7640425281641
687.9740147590637,127.517,54,131.7640425281641
689.4818203449249,127.524,54,131.7640425281641
690.9897396564484,127.531,54,131.7640425281641
692.4975028038025,127.538,54,131.7640425281641
694.0050077438354,127.545,54,131.7640425281641
695.5128846168518,127.552,54,131.7640425281641
697.0207235813141,127.559,54,131.7640425281641
698.5283679962158,127.566,54,131.7640425281641
700.035893201828,127.573,54,131.7640425281641
701.5436136722565,127.58,54,131.7640425281641
703.0515031814575,127.587,54,131.7640425281641
704.5591225624084,127.593,54,131.7640425281641
706.0670564174652,127.599,54,131.7640425281641
707.5746986865997,127.606,54,131.7640425281641
709.082799911499,127.612,54,131.7640425281641
710.5905575752258,127.619,54,131.7640425281641
712.0984981060028,127.625,54,131.7640425281641
713.6065144538879,127.631,54,131.7640425281641
715.1146097183228,127.637,54,131.7640425281641
716.6224300861359,127.644,54,131.7640425281641
718.1302785873413,127.65,54,131.7640425281641
719.6379570960999,127.655,54,131.7640425281641
721.1457929611206,127.661,54,131.7640425281641
722.6537027359009,127.667,54,131.7640425281641
724.1616051197052,127.673,54,131.7640425281641
725.6695215702057,127.679,54,131.7640425281641
727.1777427196503,127.684,54,131.7640425281641
728.6857771873474,127.69,54,131.7640425281641
730.1936757564545,127.696,54,131.7640425281641
731.7015619277954,127.701,54,131.7640425281641
733.2094197273254,127.707,54,131.7640425281641
734.7171256542206,127.712,54,131.7640425281641
736.225004196167,127.718,54,131.7640425281641
737.7326817512512,127.723,54,131.7640425281641
739.2399945259094,127.729,54,131.7640425281641
740.7478749752045,127.735,54,131.7640425281641
742.2554802894592,127.74,54,131.7640425281641
743.7632310390472,127.745,54,131.7640425281641
745.2707839012146,127.751,54,131.7640425281641
746.777464389801,127.757,54,131.7640425281641
748.2843811511993,127.762,54,131.7640425281641
749.791383266449,127.768,54,131.7640425281641
751.2987949848175,127.773,54,131.7640425281641
752.8060011863708,127.779,54,131.7640425281641
754.3134996891022,127.784,54,131.7640425281641
755.8207516670227,127.791,54,131.7640425281641
757.327446937561,127.796,54,131.7640425281641
758.8348617553711,127.802,54,131.7640425281641
760.3418688774109,127.807,54,131.7640425281641
761.8491814136505,127.813,54,131.7640425281641
763.3557043075562,127.819,54,131.7640425281641
764.8630321025848,127.824,54,131.7640425281641
766.3704128265381,127.83,54,131.7640425281641
767.8779561519623,127.836,54,131.7640425281641
769.3852224349976,127.841,54,131.7640425281641
770.8919055461884,127.847,54,131.7640425281641
772.3988709449768,127.853,54,131.7640425281641
773.9063084125519,127.858,54,131.7640425281641
775.4140000343323,127.864,54,131.7640425281641
776.921338558197,127.869,54,131.7640425281641
778.4283463954926,127.875,54,131.7640425281641
779.9351358413696,127.881,54,131.7640425281641
781.4422707557678,127.887,54,131.7640425281641
782.9493634700775,127.892,54,131.7640425281641
784.456395149231,127.898,54,131.7640425281641
785.9632108211517,127.904,54,131.7640425281641
787.4703845977783,127.909,54,131.7640425281641
788.9778468608856,127.915,54,131.7640425281641
790.484748840332,127.921,54,131.7640425281641
791.9915750026703,127.926,54,131.7640425281641
793.4984745979309,127.932,54,131.7640425281641
795.0059065818787,127.938,54,131.7640425281641
796.513256072998,127.944,54,131.7640425281641
798.019983291626,127.95,54,131.7640425281641
799.526967048645,127.956,54,131.7640425281641
801.0341672897339,127.961,54,131.7640425281641
802.5413153171539,127.967,54,131.7640425281641
804.04829454422,127.973,54,131.7640425281641
805.5553267002106,127.979,54,131.7640425281641
807.0624549388885,127.985,54,131.7640425281641
808.5700144767761,127.99,54,131.7640425281641
810.0773169994354,127.996,54,131.7640425281641
811.5843162536621,128.002,54,131.7640425281641
813.0914175510406,128.008,54,131.7640425281641
814.5982010364532,128.013,54,131.7640425281641
816.1056973934174,128.019,54,131.7640425281641
817.6128165721893,128.025,54,131.7640425281641
819.119714975357,128.031,54,131.7640425281641
820.6269636154175,128.037,54,131.7640425281641
822.1342639923096,128.043,54,131.7640425281641
823.6414709091187,128.049,54,131.7640425281641
825.1488175392151,128.054,54,131.7640425281641
826.6553919315338,128.06,54,131.7640425281641
828.1624426841736,128.066,54,131.7640425281641
829.6695857048035,128.071,54,131.7640425281641
831.1764929294586,128.077,54,131.7640425281641
832.6834452152252,128.083,54,131.7640425281641
834.1905221939087,128.089,54,131.7640425281641
835.6976578235626,128.094,54,131.7640425281641
837.2051832675934,128.1,54,131.7640425281641
838.7119212150574,128.106,54,131.7640425281641
840.2192389965057,128.112,54,131.7640425281641
841.7266011238098,128.118,54,131.7640425281641
843.2337217330933,128.124,54,131.7640425281641
844.741005897522,128.13,54,131.7640425281641
846.2480745315552,128.135,54,131.7640425281641
847.7553651332855,128.141,54,131.7640425281641
849.2624273300171,128.147,54,131.7640425281641
850.7696425914764,128.152,54,131.7640425281641
852.2768478393555,128.158,54,131.7640425281641
853.783572435379,128.164,54,131.7640425281641
855.2907304763794,128.169,54,131.7640425281641
856.7979865074158,128.175,54,131.7640425281641
858.3056409358978,128.181,54,131.7640425281641
859.8129336833954,128.186,54,131.7640425281641
861.3197424411774,128.192,54,131.7640425281641
862.8270270824432,128.198,54,131.7640425281641
864.3346905708313,128.204,54,131.7640425281641
865.8419697284698,128.209,54,131.7640425281641
867.3493363857269,128.215,54,131.7640425281641
868.8562598228455,128.221,54,131.7640425281641
870.3638687133789,128.227,54,131.7640425281641
871.8708713054657,128.232,54,131.7640425281641
873.3778150081635,128.238,54,131.7640425281641
874.8850471973419,128.244,54,131.7640425281641
876.3918290138245,128.249,54,131.7640425281641
877.8987691402435,128.255,54,131.7640425281641
879.4063546657562,128.26,54,131.7640425281641
880.9137523174286,128.266,54,131.7640425281641
882.4211573600769,128.271,54,131.7640425281641
883.927921295166,128.277,54,131.7640425281641
885.435010433197,128.283,54,131.7640425281641
886.9421153068542,128.288,54,131.7640425281641
888.4494428634644,128.294,54,131.7640425281641
889.9566276073456,128.299,54,131.7640425281641
891.46382188797,128.305,54,131.7640425281641
892.9710671901703,128.31,54,131.7640425281641
894.4783041477203,128.316,54,131.7640425281641
895.9858884811401,128.321,54,131.7640425281641
897.4936063289642,128.327,54,131.7640425281641
899.0006136894226,128.332,54,131.7640425281641
900.5073125362396,128.338,54,131.7640425281641
902.0144441127777,128.343,54,131.7640425281641
903.5218741893768,128.348,54,131.7640425281641
905.0292220115662,128.354,54,131.7640425281641
906.5358715057373,128.36,54,131.7640425281641
908.0426075458527,128.365,54,131.7640425281641
909.549896478653,128.371,54,131.7640425281641
911.0578150749207,128.376,54,131.7640425281641
912.5656726360321,128.381,54,131.7640425281641
914.0727558135986,128.386,54,131.7640425281641
915.5796973705292,128.392,54,131.7640425281641
917.0867056846619,128.397,54,131.7640425281641
918.5935459136963,128.403,54,131.7640425281641
920.1008973121643,128.408,54,131.7640425281641
921.6080532073975,128.413,54,131.7640425281641
923.1151103973389,128.419,54,131.7640425281641
924.6229019165039,128.424,54,131.7640425281641
926.1302027702332,128.429,54,131.7640425281641
927.637505531311,128.435,54,131.7640425281641
929.1449744701385,128.44,54,131.7640425281641
930.6520345211029,128.446,54,131.7640425281641
932.1591336727142,128.451,54,131.7640425281641
933.6662259101868,128.456,54,131.7640425281641
935.1736402511597,128.461,54,131.7640425281641
936.6805219650269,128.467,54,131.7640425281641
938.1873843669891,128.472,54,131.7640425281641
939.6947727203369,128.477,54,131.7640425281641
941.202033996582,128.482,54,131.7640425281641
942.7095723152161,128.488,54,131.7640425281641
944.216667175293,128.492,54,131.7640425281641
945.7233440876007,128.498,54,131.7640425281641
947.230565071106,128.503,54,131.7640425281641
948.7377333641052,128.508,54,131.7640425281641
950.2448887825012,128.513,54,131.7640425281641
951.7516748905182,128.519,54,131.7640425281641
953.2589428424835,128.524,54,131.7640425281641
954.7662138938904,128.529,54,131.7640425281641
956.2737510204315,128.534,54,131.7640425281641
957.7812016010284,128.539,54,131.7640425281641
959.2878482341766,128.544,54,131.7640425281641
960.7950394153595,128.55,54,131.7640425281641
962.3018801212311,128.554,54,131.7640425281641
963.8092291355133,128.56,54,131.7640425281641
965.3161852359772,128.565,54,131.7640425281641
966.8231077194214,128.57,54,131.7640425281641
968.3302676677704,128.575,54,131.7640425281641
969.8375995159149,128.58,54,131.7640425281641
971.3450770378113,128.586,54,131.7640425281641
972.8520607948303,128.591,54,131.7640425281641
974.3588309288025,128.596,54,131.7640425281641
975.866370677948,128.601,54,131.7640425281641
977.3737671375275,128.606,54,131.7640425281641
978.8809833526611,128.611,54,131.7640425281641
980.3877959251404,128.616,54,131.7640425281641
981.8954193592072,128.621,54,131.7640425281641
983.4024980068207,128.626,54,131.7640425281641
984.909791469574,128.631,54,131.7640425281641
986.4174556732178,128.636,54,131.7640425281641
987.9253039360046,128.641,54,131.7640425281641
989.43221783638,128.646,54,131.7640425281641
990.9401018619537,128.651,54,131.7640425281641
992.4473595619202,128.656,54,131.7640425281641
993.9549376964569,128.661,54,131.7640425281641
995.4626760482788,128.666,54,131.7640425281641
996.9704365730286,128.671,54,131.7640425281641
998.4777052402496,128.676,54,131.7640425281641
999.9851956367493,128.681,54,131.7640425281641
1001.4922077655792,128.686,54,131.7640425281641
1003.0001440048218,128.69,54,131.7640425281641
1004.5078723430634,128.695,54,131.7640425281641
1006.0152771472931,128.7,54,131.7640425281641
1007.5229034423828,128.705,54,131.7640425281641
1009.0305721759796,128.71,54,131.7640425281641
1010.5383296012878,128.715,54,131.7640425281641
1012.0463891029358,128.72,54,131.7640425281641
1013.5540025234222,128.725,54,131.7640425281641
1015.0616118907928,128.73,54,131.7640425281641
1016.5696828365326,128.734,54,131.7640425281641
1018.0778923034668,128.739,54,131.7640425281641
1019.5856566429138,128.744,54,131.7640425281641
1021.093542098999,128.749,54,131.7640425281641
1022.6010510921478,128.754,54,131.7640425281641
1024.1085386276245,128.759,54,131.7640425281641
1025.6163139343262,128.763,54,131.7640425281641
1027.1242508888245,128.768,54,131.7640425281641
1028.6322655677795,128.773,54,131.7640425281641
1030.140230178833,128.778,54,131.7640425281641
1031.6479914188385,128.783,54,131.7640425281641
1033.1560635566711,128.788,54,131.7640425281641
1034.663686990738,128.792,54,131.7640425281641
1036.1714298725128,128.797,54,131.7640425281641
1037.6793570518494,128.801,54,131.7640425281641
1039.1869673728943,128.806,54,131.7640425281641
1040.6947536468506,128.81,54,131.7640425281641
1042.2025458812714,128.815,54,131.7640425281641
1043.710197210312,128.82,54,131.7640425281641
1045.2180268764496,128.824,54,131.7640425281641
1046.726060628891,128.829,54,131.7640425281641
1048.2341701984406,128.833,54,131.7640425281641
1049.7419798374176,128.838,54,131.7640425281641
1051.2501511573792,128.842,54,131.7640425281641
1052.758009672165,128.846,54,131.7640425281641
1054.2659063339233,128.851,54,131.7640425281641
1055.7738082408905,128.856,54,131.7640425281641
1057.281830072403,128.86,54,131.7640425281641
1058.7896678447723,128.864,54,131.7640425281641
1060.297554731369,128.868,54,131.7640425281641
1061.8051109313965,128.873,54,131.7640425281641
1063.3127746582031,128.877,54,131.7640425281641
1064.8202979564667,128.881,54,131.7640425281641
1066.3280489444733,128.886,54,131.7640425281641
1067.8359673023224,128.89,54,131.7640425281641
1069.343850851059,128.894,54,131.7640425281641
1070.8515350818634,128.899,54,131.7640425281641
1072.3592190742493,128.903,54,131.7640425281641
1073.8668415546417,128.907,54,131.7640425281641
1075.3744685649872,128.911,54,131.7640425281641
1076.882246017456,128.915,54,131.7640425281641
1078.3902306556702,128.919,54,131.7640425281641
1079.8981602191925,128.923,54,131.7640425281641
1081.4060552120209,128.928,54,131.7640425281641
1082.9135076999664,128.932,54,131.7640425281641
1084.4215443134308,128.936,54,131.7640425281641
1085.9290852546692,128.939,54,131.7640425281641
1087.4365680217743,128.944,54,131.7640425281641
1088.944224357605,128.948,54,131.7640425281641
1090.4517405033112,128.952,54,131.7640425281641
1091.9575810432434,128.956,54,131.7640425281641
1093.4654314517975,128.96,54,131.7640425281641
1094.9730672836304,128.964,54,131.7640425281641
1096.480784893036,128.968,54,131.7640425281641
1097.988515138626,128.972,54,131.7640425281641
1099.4960494041443,128.976,54,131.7640425281641
1101.0037615299225,128.98,54,131.7640425281641
1102.5112583637238,128.984,54,131.7640425281641
1104.0191431045532,128.988,54,131.7640425281641
1105.5267934799194,128.993,54,131.7640425281641
1107.0344219207764,128.996,54,131.7640425281641
1108.542319059372,129.001,54,131.7640425281641
1110.0500724315643,129.005,54,131.7640425281641
1111.5578699111938,129.009,54,131.7640425281641
1113.0656423568726,129.013,54,131.7640425281641
1114.573498725891,129.017,54,131.7640425281641
1116.0816297531128,129.021,54,131.7640425281641
1117.5894176959991,129.025,54,131.7640425281641
1119.0970737934113,129.029,54,131.7640425281641
1120.6044480800629,129.033,54,131.7640425281641
1122.1123406887054,129.037,54,131.7640425281641
1123.6198892593384,129.041,54,131.7640425281641
1125.127469778061,129.045,54,131.7640425281641
1126.6351161003113,129.049,54,131.7640425281641
1128.142864704132,129.053,54,131.7640425281641
1129.6508946418762,129.057,54,131.7640425281641
1131.1586949825287,129.061,54,131.7640425281641
1132.6665153503418,129.065,54,131.7640425281641
1134.1745624542236,129.069,54,131.7640425281641
1135.6824815273285,129.073,54,131.7640425281641
1137.189867734909,129.077,54,131.7640425281641
1138.6975660324097,129.081,54,131.7640425281641
1140.2054195404053,129.085,54,131.7640425281641
1141.713393688202,129.089,54,131.7640425281641
1143.2211394309998,129.093,54,131.7640425281641
1144.7290534973145,129.096,54,131.7640425281641
1146.2371635437012,129.1,54,131.7640425281641
1147.7450318336487,129.104,54,131.7640425281641
1149.2528698444366,129.108,54,131.7640425281641
1150.7603952884674,129.112,54,131.7640425281641
1152.268075466156,129.115,54,131.7640425281641
1153.7758948802948,129.119,54,131.7640425281641
1155.283484697342,129.122,54,131.7640425281641
1156.7909927368164,129.125,54,131.7640425281641
1158.298912525177,129.129,54,131.7640425281641
1159.8066847324371,129.132,54,131.7640425281641
1161.3145499229431,129.135,54,131.7640425281641
1162.8223748207092,129.139,54,131.7640425281641
1164.3301167488098,129.142,54,131.7640425281641
1165.838258266449,129.145,54,131.7640425281641
1167.3459303379059,129.148,54,131.7640425281641
1168.853758573532,129.151,54,131.7640425281641
1170.3615367412567,129.155,54,131.7640425281641
1171.8694467544556,129.158,54,131.7640425281641
1173.3773765563965,129.161,54,131.7640425281641
1174.8852708339691,129.164,54,131.7640425281641
1176.393348455429,129.166,54,131.7640425281641
1177.9008271694183,129.169,54,131.7640425281641
1179.4084720611572,129.172,54,131.7640425281641
1180.9164073467255,129.176,54,131.7640425281641
1182.4242298603058,129.178,54,131.7640425281641
1183.9320154190063,129.181,54,131.7640425281641
1185.4397685527802,129.184,54,131.7640425281641
1186.9474818706512,129.187,54,131.7640425281641
1188.455225944519,129.19,54,131.7640425281641
1189.9633288383484,129.193,54,131.7640425281641
1191.4714555740356,129.196,54,131.7640425281641
1192.979122877121,129.199,54,131.7640425281641
1194.4868574142456,129.202,54,131.7640425281641
1195.9945998191833,129.205,54,131.7640425281641
1197.502364397049,129.208,54,131.7640425281641
1199.0101201534271,129.211,54,131.7640425281641
1200.5178825855255,129.215,54,131.7640425281641
1202.0256140232086,129.217,54,131.7640425281641
1203.5335671901703,129.221,54,131.7640425281641
1205.0408296585083,129.224,54,131.7640425281641
1206.54873919487,129.227,54,131.7640425281641
1208.056272983551,129.23,54,131.7640425281641
1209.5640547275543,129.233,54,131.7640425281641
1211.071842432022,129.237,54,131.7640425281641
1212.5795607566833,129.24,54,131.7640425281641
1214.0872085094452,129.243,54,131.7640425281641
1215.5950033664703,129.246,54,131.7640425281641
1217.1028842926025,129.25,54,131.7640425281641
1218.610631942749,129.253,54,131.7640425281641
1220.1184866428375,129.256,54,131.7640425281641
1221.6264085769653,129.26,54,131.7640425281641
1223.134067773819,129.263,54,131.7640425281641
1224.6419773101807,129.266,54,131.7640425281641
1226.1499426364899,129.27,54,131.7640425281641
1227.657898426056,129.273,54,131.7640425281641
1229.1659126281738,129.276,54,131.7640425281641
1230.67360329628,129.28,54,131.7640425281641
1232.181298494339,129.283,54,131.7640425281641
1233.688992023468,129.287,54,131.7640425281641
1235.1968190670013,129.29,54,131.7640425281641
1236.7044477462769,129.294,54,131.7640425281641
1238.212302684784,129.297,54,131.7640425281641
1239.7201788425446,129.3,54,131.7640425281641
1241.2276957035065,129.304,54,131.7640425281641
1242.7353417873383,129.307,54,131.7640425281641
1244.2430455684662,129.31,54,131.7640425281641
1245.7511212825775,129.313,54,131.7640425281641
1247.2587604522705,129.316,54,131.7640425281641
1248.7666659355164,129.32,54,131.7640425281641
1250.2744240760803,129.323,54,131.7640425281641
1251.7825207710266,129.326,54,131.7640425281641
1253.2904062271118,129.329,54,131.7640425281641
1254.7981317043304,129.332,54,131.7640425281641
1256.3060319423676,129.335,54,131.7640425281641
1257.8140230178833,129.337,54,131.7640425281641
1259.3220582008362,129.34,54,131.7640425281641
1260.8299577236176,129.343,54,131.7640425281641
1262.33784532547,129.346,54,131.7640425281641
1263.8457596302032,129.349,54,131.7640425281641
1265.35351729393,129.352,54,131.7640425281641
1266.861267566681,129.354,54,131.7640425281641
1268.368808746338,129.358,54,131.7640425281641
1269.876541852951,129.36,54,131.7640425281641
1271.384209394455,129.363,54,131.7640425281641
1272.8919990062714,129.366,54,131.7640425281641
1274.3995144367218,129.368,54,131.7640425281641
1275.9073159694672,129.371,54,131.7640425281641
1277.4153509140015,129.374,54,131.7640425281641
1278.923333644867,129.377,54,131.7640425281641
1280.431144952774,129.379,54,131.7640425281641
1281.938910484314,129.382,54,131.7640425281641
1283.4466347694397,129.385,54,131.7640425281641
1284.954565525055,129.387,54,131.7640425281641
1286.462572336197,129.39,54,131.7640425281641
1287.9704399108887,129.393,54,131.7640425281641
1289.4782440662384,129.396,54,131.7640425281641
1290.9860589504242,129.399,54,131.7640425281641
1292.4940185546875,129.402,54,131.7640425281641
1294.0017223358154,129.405,54,131.7640425281641
1295.5095303058624,129.407,54,131.7640425281641
1297.0171203613281,129.41,54,131.7640425281641
1298.5249865055084,129.414,54,131.7640425281641
1300.0328798294067,129.416,54,131.7640425281641
1301.5403907299042,129.419,54,131.7640425281641
1303.04789352417,129.422,54,131.7640425281641
1304.5557916164398,129.425,54,131.7640425281641
1306.0633046627045,129.428,54,131.7640425281641
1307.5709190368652,129.431,54,131.7640425281641
1309.078574180603,129.435,54,131.7640425281641
1310.5858573913574,129.437,54,131.7640425281641
1312.0939583778381,129.441,54,131.7640425281641
1313.601604938507,129.444,54,131.7640425281641
1315.1092841625214,129.447,54,131.7640425281641
1316.6168432235718,129.45,54,131.7640425281641
1318.124709367752,129.453,54,131.7640425281641
1319.6325113773346,129.456,54,131.7640425281641
1321.1402225494385,129.46,54,131.7640425281641
1322.6479918956757,129.463,54,131.7640425281641
1324.155869960785,129.466,54,131.7640425281641
1325.663583278656,129.47,54,131.7640425281641
1327.1714022159576,129.472,54,131.7640425281641
1328.6791400909424,129.476,54,131.7640425281641
1330.187005519867,129.479,54,131.7640425281641
1331.694862127304,129.482,54,131.7640425281641
1333.2029705047607,129.486,54,131.7640425281641
1334.7107412815094,129.489,54,131.7640425281641
1336.2183582782745,129.492,54,131.7640425281641
1337.7262473106384,129.496,54,131.7640425281641
1339.2338001728058,129.499,54,131.7640425281641
1340.7415306568146,129.502,54,131.7640425281641
1342.2491643428802,129.506,54,131.7640425281641
1343.7570190429688,129.509,54,131.7640425281641
1345.2647216320038,129.513,54,131.7640425281641
1346.7723698616028,129.516,54,131.7640425281641
1348.2798857688904,129.519,54,131.7640425281641
1349.7877788543701,129.523,54,131.7640425281641
1351.2957236766815,129.526,54,131.7640425281641
1352.8034498691559,129.53,54,131.7640425281641
1354.3112955093384,129.532,54,131.7640425281641
1355.819001197815,129.536,54,131.7640425281641
1357.3269667625427,129.539,54,131.7640425281641
1358.8345222473145,129.543,54,131.7640425281641
1360.3424599170685,129.546,54,131.7640425281641
1361.8501131534576,129.549,54,131.7640425281641
1363.3573911190033,129.553,54,131.7640425281641
1364.8651266098022,129.556,54,131.7640425281641
1366.3729553222656,129.56,54,131.7640425281641
1367.8809814453125,129.563,54,131.7640425281641
1369.38889670372,129.566,54,131.7640425281641
1370.8967039585114,129.569,54,131.7640425281641
1372.4043898582458,129.572,54,131.7640425281641
1373.9120736122131,129.576,54,131.7640425281641
1375.4200479984283,129.579,54,131.7640425281641
1376.927963733673,129.582,54,131.7640425281641
1378.4358258247375,129.585,54,131.7640425281641
1379.9436049461365,129.588,54,131.7640425281641
1381.4510066509247,129.591,54,131.7640425281641
1382.9587841033936,129.594,54,131.7640425281641
1384.4664516448975,129.597,54,131.7640425281641
1385.9745907783508,129.6,54,131.7640425281641
1387.4823732376099,129.603,54,131.7640425281641
1388.9902753829956,129.606,54,131.7640425281641
1390.4981417655945,129.609,54,131.7640425281641
1392.00612616539,129.612,54,131.7640425281641
1393.5141649246216,129.615,54,131.7640425281641
1395.022067308426,129.618,54,131.7640425281641
1396.529934644699,129.62,54,131.7640425281641
1398.0376751422882,129.623,54,131.7640425281641
1399.5456941127777,129.626,54,131.7640425281641
1401.0537204742432,129.628,54,131.7640425281641
1402.5614638328552,129.631,54,131.7640425281641
1404.0693724155426,129.634,54,131.7640425281641
1405.5770120620728,129.637,54,131.7640425281641
1407.0847823619843,129.64,54,131.7640425281641
1408.5924246311188,129.642,54,131.7640425281641
1410.1000463962555,129.645,54,131.7640425281641
1411.6075186729431,129.648,54,131.7640425281641
1413.1152381896973,129.651,54,131.7640425281641
1414.622794866562,129.654,54,131.7640425281641
1416.1306056976318,129.656,54,131.7640425281641
1417.638400554657,129.659,54,131.7640425281641
1419.1463804244995,129.662,54,131.7640425281641
1420.6542372703552,129.664,54,131.7640425281641
1422.161985874176,129.667,54,131.7640425281641
1423.6697511672974,129.67,54,131.7640425281641
1425.1777062416077,129.673,54,131.7640425281641
1426.6856241226196,129.676,54,131.7640425281641
1428.193392753601,129.679,54,131.7640425281641
1429.7014253139496,129.681,54,131.7640425281641
1431.208993434906,129.684,54,131.7640425281641
1432.7169423103333,129.687,54,131.7640425281641
1434.224270582199,129.69,54,131.7640425281641
1435.7320835590363,129.693,54,131.7640425281641
1437.2397928237915,129.696,54,131.7640425281641
1438.7473220825195,129.699,54,131.7640425281641
1440.2549839019775,129.701,54,131.7640425281641
1441.7626917362213,129.705,54,131.7640425281641
1443.270512342453,129.708,54,131.7640425281641
1444.778284072876,129.71,54,131.7640425281641
1446.2860736846924,129.714,54,131.7640425281641
1447.7942111492157,129.717,54,131.7640425281641
1449.3019738197327,129.72,54,131.7640425281641
1450.8102390766144,129.723,54,131.7640425281641
1452.3178656101227,129.726,54,131.7640425281641
1453.8245215415955,129.729,54,131.7640425281641
1455.3313930034637,129.731,54,131.7640425281641
1456.8386499881744,129.734,54,131.7640425281641
1458.3464105129242,129.738,54,131.7640425281641
1459.8536865711212,129.741,54,131.7640425281641
1461.3612337112427,129.744,54,131.7640425281641
1462.8688054084778,129.747,54,131.7640425281641
1464.3756277561188,129.75,54,131.7640425281641
1465.8824915885925,129.753,54,131.7640425281641
1467.389827489853,129.756,54,131.7640425281641
1468.8974277973175,129.759,54,131.7640425281641
1470.405235528946,129.762,54,131.7640425281641
1471.912297487259,129.765,54,131.7640425281641
1473.4195375442505,129.768,54,131.7640425281641
1474.9251947402954,129.771,54,131.7640425281641
1476.4320390224457,129.774,54,131.7640425281641
1477.939321756363,129.777,54,131.7640425281641
1479.4466910362244,129.78,54,131.7640425281641
1480.954398393631,129.783,54,131.7640425281641
1482.4620048999786,129.786,54,131.7640425281641
1483.9690792560577,129.789,54,131.7640425281641
1485.475920200348,129.792,54,131.7640425281641
1486.982673406601,129.795,54,131.7640425281641
1488.4903230667114,129.799,54,131.7640425281641
1489.9956469535828,129.801,54,131.7640425281641
1491.5028331279755,129.804,54,131.7640425281641
1493.0101852416992,129.807,54,131.7640425281641
1494.5177907943726,129.81,54,131.7640425281641
1496.0252597332,129.813,54,131.7640425281641
1497.531352519989,129.816,54,131.7640425281641
1499.0388135910034,129.819,54,131.7640425281641
1500.5466368198395,129.822,54,131.7640425281641
1502.0532276630402,129.825,54,131.7640425281641
1503.5602850914001,129.828,54,131.7640425281641
1505.0654249191284,129.831,54,131.7640425281641
1506.5722625255585,129.834,54,131.7640425281641
1508.0796756744385,129.837,54,131.7640425281641
1509.5872378349304,129.84,54,131.7640425281641
1511.0947425365448,129.843,54,131.7640425281641
1512.601844072342,129.846,54,131.7640425281641
1514.109680891037,129.849,54,131.7640425281641
1515.6168928146362,129.851,54,131.7640425281641
1517.1246740818024,129.854,54,131.7640425281641
1518.6318264007568,129.857,54,131.7640425281641
1520.1391172409058,129.86,54,131.7640425281641
1521.6466283798218,129.863,54,131.7640425281641
1523.154145002365,129.866,54,131.7640425281641
1524.6616606712341,129.869,54,131.7640425281641
1526.168866634369,129.871,54,131.7640425281641
1527.6763851642609,129.874,54,131.7640425281641
1529.1837692260742,129.877,54,131.7640425281641
1530.6910965442657,129.88,54,131.7640425281641
1532.1985394954681,129.883,54,131.7640425281641
1533.7060706615448,129.886,54,131.7640425281641
1535.2137994766235,129.888,54,131.7640425281641
1536.7212834358215,129.891,54,131.7640425281641
1538.2284758090973,129.894,54,131.7640425281641
1539.7360665798187,129.896,54,131.7640425281641
1541.2433123588562,129.899,54,131.7640425281641
1542.7506909370422,129.902,54,131.7640425281641
1544.2583141326904,129.905,54,131.7640425281641
1545.7659006118774,129.907,54,131.7640425281641
1547.2738060951233,129.91,54,131.7640425281641
1548.7810530662537,129.913,54,131.7640425281641
1550.2880749702454,129.915,54,131.7640425281641
1551.7955210208893,129.919,54,131.7640425281641
1553.3031301498413,129.921,54,131.7640425281641
1554.8107981681824,129.924,54,131.7640425281641
1556.3184061050415,129.926,54,131.7640425281641
1557.8261897563934,129.929,54,131.7640425281641
1559.3334290981293,129.931,54,131.7640425281641
1560.841078042984,129.934,54,131.7640425281641
1562.3482193946838,129.937,54,131.7640425281641
1563.8558731079102,129.94,54,131.7640425281641
1565.363238811493,129.942,54,131.7640425281641
1566.8707263469696,129.945,54,131.7640425281641
1568.3780272006989,129.947,54,131.7640425281641
1569.8851301670074,129.95,54,131.7640425281641
1571.3924334049225,129.952,54,131.7640425281641
1572.9001936912537,129.955,54,131.7640425281641
1574.4075708389282,129.958,54,131.7640425281641
1575.9153311252594,129.96,54,131.7640425281641
1577.4231593608856,129.963,54,131.7640425281641
1578.9309537410736,129.965,54,131.7640425281641
1580.4384021759033,129.967,54,131.7640425281641
1581.9457988739014,129.97,54,131.7640425281641
1583.4533462524414,129.972,54,131.7640425281641
1584.9607200622559,129.974,54,131.7640425281641
1586.46799826622,129.977,54,131.7640425281641
1587.9755115509033,129.979,54,131.7640425281641
1589.4829745292664,129.981,54,131.7640425281641
1590.990466594696,129.983,54,131.7640425281641
1592.4985237121582,129.986,54,131.7640425281641
1594.0061156749725,129.988,54,131.7640425281641
1595.5134415626526,129.99,54,131.7640425281641
1597.0208508968353,129.992,54,131.7640425281641
1598.5282332897186,129.994,54,131.7640425281641
1600.035623550415,129.996,54,131.7640425281641
1601.543297290802,129.998,54,131.7640425281641
1603.0507142543793,130.0,54,131.7640425281641
1604.5580878257751,130.002,54,131.7640425281641
1606.0657846927643,130.005,54,131.7640425281641
1607.5732114315033,130.006,54,131.7640425281641
1609.080632686615,130.009,54,131.7640425281641
1610.5879077911377,130.011,54,131.7640425281641
1612.0955364704132,130.013,54,131.7640425281641
1613.6024587154388,130.015,54,131.7640425281641
1615.1095502376556,130.017,54,131.7640425281641
1616.616861820221,130.019,54,131.7640425281641
1618.1242713928223,130.022,54,131.7640425281641
1619.6320474147797,130.024,54,131.7640425281641
1621.1395320892334,130.026,54,131.7640425281641
1622.6468873023987,130.029,54,131.7640425281641
1624.1547231674194,130.03,54,131.7640425281641
1625.662213087082,130.033,54,131.7640425281641
1627.1692986488342,130.035,54,131.7640425281641
1628.6769170761108,130.037,54,131.7640425281641
1630.184236049652,130.04,54,131.7640425281641
1631.6917703151703,130.042,54,131.7640425281641
1633.1991357803345,130.044,54,131.7640425281641
1634.7068133354187,130.047,54,131.7640425281641
1636.2143063545227,130.049,54,131.7640425281641
1637.7220528125763,130.051,54,131.7640425281641
1639.229693889618,130.054,54,131.7640425281641
1640.7371876239777,130.056,51,126.74967350385445
1642.7483069896698,130.058,51,126.74967350385445
1644.2559237480164,130.056,51,126.74967350385445
1645.763394355774,130.054,51,126.74967350385445
1647.2709612846375,130.051,51,126.74967350385445
1648.7784366607666,130.047,51,126.74967350385445
1650.2861893177032,130.044,51,126.74967350385445
1651.7938115596771,130.04,51,126.74967350385445
1653.2993278503418,130.036,51,126.74967350385445
1654.8067016601562,130.032,51,126.74967350385445
1656.314301252365,130.028,51,126.74967350385445
1657.8220257759094,130.024,51,126.74967350385445
1659.3299267292023,130.02,51,126.74967350385445
1660.8373820781708,130.017,51,126.74967350385445
1662.344759941101,130.013,51,126.74967350385445
1663.851861000061,130.009,51,126.74967350385445
1665.3594357967377,130.005,51,126.74967350385445
1666.8670449256897,130.001,51,126.74967350385445
1668.3744037151337,129.997,51,126.74967350385445
1669.8820383548737,129.993,51,126.74967350385445
1671.389037847519,129.99,51,126.74967350385445
1672.8962016105652,129.986,51,126.74967350385445
1674.403427362442,129.982,51,126.74967350385445
1675.9107384681702,129.978,51,126.74967350385445
1677.4186127185822,129.975,51,126.74967350385445
1678.92644572258,129.971,51,126.74967350385445
1680.4336256980896,129.967,51,126.74967350385445
1681.940804719925,129.964,51,126.74967350385445
1683.4472467899323,129.96,51,126.74967350385445
1684.954424381256,129.957,51,126.74967350385445
1686.462094783783,129.953,51,126.74967350385445
1687.9695541858673,129.949,51,126.74967350385445
1689.4762568473816,129.946,51,126.74967350385445
1690.9834797382355,129.943,54,131.7640425281641
1692.9942164421082,129.939,54,131.7640425281641
1694.5015649795532,129.939,54,131.7640425281641
1696.0087416172028,129.941,54,131.7640425281641
1697.5154376029968,129.943,54,131.7640425281641
1699.0224425792694,129.946,54,131.7640425281641
1700.5299425125122,129.948,54,131.7640425281641
1702.0375745296478,129.951,54,131.7640425281641
1703.544574022293,129.953,54,131.7640425281641
1705.0517315864563,129.956,54,131.7640425281641
1706.5589637756348,129.959,54,131.7640425281641
1708.0660119056702,129.961,54,131.7640425281641
1709.5734322071075,129.964,54,131.7640425281641
1711.0802748203278,129.967,54,131.7640425281641
1712.587388753891,129.97,54,131.7640425281641
1714.0945365428925,129.972,54,131.7640425281641
1715.6021101474762,129.975,54,131.7640425281641
1717.1094958782196,129.977,54,131.7640425281641
1718.6163790225983,129.98,54,131.7640425281641
1720.1232378482819,129.982,54,131.7640425281641
1721.6302568912506,129.985,54,131.7640425281641
1723.1374254226685,129.988,54,131.7640425281641
1724.6442193984985,129.99,54,131.7640425281641
1726.1513583660126,129.993,54,131.7640425281641
1727.6585276126862,129.995,54,131.7640425281641
1729.1657462120056,129.997,54,131.7640425281641
1730.6736500263214,130.0,54,131.7640425281641
1732.1805727481842,130.002,54,131.7640425281641
1733.686680316925,130.005,54,131.7640425281641
1735.194432258606,130.007,54,131.7640425281641
1736.701634645462,130.009,54,131.7640425281641
1738.209190607071,130.012,54,131.7640425281641
1739.7157318592072,130.014,54,131.7640425281641
1741.2228453159332,130.017,54,131.7640425281641
1742.7302157878876,130.019,54,131.7640425281641
1744.2375061511993,130.022,54,131.7640425281641
1745.7449383735657,130.024,54,131.7640425281641
1747.2520151138306,130.027,54,131.7640425281641
1748.7597222328186,130.029,54,131.7640425281641
1750.2669713497162,130.032,54,131.7640425281641
1751.7744491100311,130.034,54,131.7640425281641
1753.281982421875,130.037,54,131.7640425281641
1754.7897701263428,130.039,54,131.7640425281641
1756.2973012924194,130.041,54,131.7640425281641
1757.8048005104065,130.044,54,131.7640425281641
1759.3123922348022,130.047,54,131.7640425281641
1760.8197801113129,130.049,54,131.7640425281641
1762.327115058899,130.052,54,131.7640425281641
1763.8348112106323,130.055,54,131.7640425281641
1765.3422992229462,130.057,51,126.74967350385445
1767.353739976883,130.059,51,126.74967350385445
1768.861543416977,130.058,51,126.74967350385445
1770.3689603805542,130.056,51,126.74967350385445
1771.876699924469,130.052,51,126.74967350385445
1773.3839197158813,130.049,51,126.74967350385445
1774.8914403915405,130.046,51,126.74967350385445
1776.3989961147308,130.042,51,126.74967350385445
1777.9066450595856,130.039,51,126.74967350385445
1779.4142849445343,130.035,51,126.74967350385445
1780.9217445850372,130.031,51,126.74967350385445
1782.4289965629578,130.027,51,126.74967350385445
1783.9363644123077,130.024,51,126.74967350385445
1785.4435160160065,130.02,51,126.74967350385445
1786.950851202011,130.016,51,126.74967350385445
1788.4585950374603,130.012,51,126.74967350385445
1789.9657537937164,130.009,51,126.74967350385445
1791.473538160324,130.005,51,126.74967350385445
1792.9810209274292,130.002,51,126.74967350385445
1794.4884243011475,129.998,51,126.74967350385445
1795.9960689544678,129.995,51,126.74967350385445
1797.503585577011,129.991,51,126.74967350385445
1799.0110676288605,129.988,51,126.74967350385445
1800.518715620041,129.984,51,126.74967350385445
1802.0262596607208,129.981,51,126.74967350385445
1803.5336906909943,129.977,51,126.74967350385445
1805.041009426117,129.974,51,126.74967350385445
1806.5487365722656,129.971,51,126.74967350385445
1808.0559086799622,129.967,51,126.74967350385445
1809.5631206035614,129.964,51,126.74967350385445
1811.0708138942719,129.961,51,126.74967350385445
1812.5786180496216,129.958,51,126.74967350385445
1814.0860302448273,129.955,51,126.74967350385445
1815.5933113098145,129.951,51,126.74967350385445
1817.100729227066,129.949,51,126.74967350385445
1818.6080598831177,129.945,51,126.74967350385445
1820.1154525279999,129.943,54,131.7640425281641
1822.1268672943115,129.939,54,131.7640425281641
1823.6348209381104,129.94,54,131.7640425281641
1825.1424894332886,129.942,54,131.7640425281641
1826.6500849723816,129.945,54,131.7640425281641
1828.1574077606201,129.948,54,131.7640425281641
1829.6650488376617,129.951,54,131.7640425281641
1831.1722095012665,129.954,54,131.7640425281641
1832.6798176765442,129.958,54,131.7640425281641
1834.1872081756592,129.961,54,131.7640425281641
1835.6947221755981,129.965,54,131.7640425281641
1837.2023639678955,129.968,54,131.7640425281641
1838.7098908424377,129.972,54,131.7640425281641
1840.2172219753265,129.976,54,131.7640425281641
1841.7244009971619,129.98,54,131.7640425281641
1843.2318501472473,129.984,54,131.7640425281641
1844.7391440868378,129.987,54,131.7640425281641
1846.2464220523834,129.991,54,131.7640425281641
1847.7541863918304,129.995,54,131.7640425281641
1849.261756658554,129.998,54,131.7640425281641
1850.7695000171661,130.002,54,131.7640425281641
1852.2769017219543,130.005,54,131.7640425281641
1853.7845857143402,130.009,54,131.7640425281641
1855.29189991951,130.012,54,131.7640425281641
1856.7986478805542,130.016,54,131.7640425281641
1858.3061587810516,130.02,54,131.7640425281641
1859.8140804767609,130.023,54,131.7640425281641
1861.3216955661774,130.027,54,131.7640425281641
1862.8290889263153,130.03,54,131.7640425281641
1864.3364071846008,130.034,54,131.7640425281641
1865.843365907669,130.037,54,131.7640425281641
1867.3509817123413,130.041,54,131.7640425281641
1868.858217716217,130.044,54,131.7640425281641
1870.3657925128937,130.047,54,131.7640425281641
1871.8733122348785,130.05,54,131.7640425281641
1873.3805966377258,130.054,54,131.7640425281641
1874.8882360458374,130.057,51,126.74967350385445
1876.8995389938354,130.059,51,126.74967350385445
1878.4069175720215,130.058,51,126.74967350385445
1879.9144463539124,130.056,51,126.74967350385445
1881.422255039215,130.053,51,126.74967350385445
1882.9293551445007,130.05,51,126.74967350385445
1884.4364967346191,130.047,51,126.74967350385445
1885.9440779685974,130.044,51,126.74967350385445
1887.4515719413757,130.04,51,126.74967350385445
1888.9591710567474,130.036,51,126.74967350385445
1890.466560125351,130.032,51,126.74967350385445
1891.9741475582123,130.028,51,126.74967350385445
1893.4813923835754,130.025,51,126.74967350385445
1894.988601922989,130.021,51,126.74967350385445
1896.4960181713104,130.017,51,126.74967350385445
1898.0033316612244,130.013,51,126.74967350385445
1899.5105793476105,130.009,51,126.74967350385445
1901.018402338028,130.006,51,126.74967350385445
1902.525842666626,130.001,51,126.74967350385445
1904.0336709022522,129.997,51,126.74967350385445
1905.5415196418762,129.994,51,126.74967350385445
1907.0489723682404,129.99,51,126.74967350385445
1908.5567729473114,129.986,51,126.74967350385445
1910.0638699531555,129.982,51,126.74967350385445
1911.571406364441,129.978,51,126.74967350385445
1913.078677892685,129.975,51,126.74967350385445
1914.5861158370972,129.971,51,126.74967350385445
1916.093468427658,129.967,51,126.74967350385445
1917.6007688045502,129.964,51,126.74967350385445
1919.1073544025421,129.96,51,126.74967350385445
1920.614497423172,129.957,51,126.74967350385445
1922.1217112541199,129.954,51,126.74967350385445
1923.6289737224579,129.95,51,126.74967350385445
1925.1356859207153,129.946,51,126.74967350385445
1926.6428489685059,129.943,54,131.7640425281641
1928.6538529396057,129.94,54,131.7640425281641
1930.161639213562,129.941,54,131.7640425281641
1931.6687836647034,129.943,54,131.7640425281641
1933.1753063201904,129.945,54,131.7640425281641
1934.6823222637177,129.948,54,131.7640425281641
1936.1896867752075,129.951,54,131.7640425281641
1937.6970937252045,129.954,54,131.7640425281641
1939.203690290451,129.957,54,131.7640425281641
1940.7106261253357,129.961,54,131.7640425281641
1942.2177398204803,129.964,54,131.7640425281641
1943.725032567978,129.968,54,131.7640425281641
1945.231861114502,129.971,54,131.7640425281641
1946.7388961315155,129.974,54,131.7640425281641
1948.2462077140808,129.978,54,131.7640425281641
1949.7537214756012,129.982,54,131.7640425281641
1951.2608683109283,129.985,54,131.7640425281641
1952.767459154129,129.988,54,131.7640425281641
1954.2749180793762,129.992,54,131.7640425281641
1955.7826511859894,129.995,54,131.7640425281641
1957.2904455661774,129.999,54,131.7640425281641
1958.797958612442,130.002,54,131.7640425281641
1960.3053545951843,130.006,54,131.7640425281641
1961.8125517368317,130.01,54,131.7640425281641
1963.3199577331543,130.013,54,131.7640425281641
1964.82723903656,130.017,54,131.7640425281641
1966.3347783088684,130.02,54,131.7640425281641
1967.842554807663,130.024,54,131.7640425281641
1969.3501105308533,130.027,54,131.7640425281641
1970.8578350543976,130.031,54,131.7640425281641
1972.3652291297913,130.034,54,131.7640425281641
1973.872388601303,130.038,54,131.7640425281641
1975.3796362876892,130.041,54,131.7640425281641
1976.8868563175201,130.045,54,131.7640425281641
1978.3943173885345,130.048,54,131.7640425281641
1979.9022996425629,130.052,54,131.7640425281641
1981.4095635414124,130.055,54,131.7640425281641
1982.9169890880585,130.058,51,126.74967350385445
1984.9285955429077,130.061,51,126.74967350385445
1986.4361217021942,130.06,51,126.74967350385445
1987.9435896873474,130.058,51,126.74967350385445
1989.450630903244,130.056,51,126.74967350385445
1990.9583830833435,130.052,51,126.74967350385445
1992.4661259651184,130.049,51,126.74967350385445
1993.9735679626465,130.046,51,126.74967350385445
1995.4808149337769,130.043,51,126.74967350385445
1996.9882462024689,130.039,51,126.74967350385445
1998.4955456256866,130.036,51,126.74967350385445
2000.0028712749481,130.032,51,126.74967350385445
2001.5104403495789,130.029,51,126.74967350385445
2003.0181221961975,130.025,51,126.74967350385445
2004.5255835056305,130.022,51,126.74967350385445
2006.0327656269073,130.018,51,126.74967350385445
2007.5400712490082,130.014,51,126.74967350385445
2009.047524690628,130.01,51,126.74967350385445
2010.5548887252808,130.007,51,126.74967350385445
2012.0625801086426,130.003,51,126.74967350385445
2013.569888830185,130.0,51,126.74967350385445
2015.0775022506714,129.996,51,126.74967350385445
2016.5850570201874,129.992,51,126.74967350385445
2018.0924570560455,129.989,51,126.74967350385445
2019.599683046341,129.985,51,126.74967350385445
2021.1073288917542,129.982,51,126.74967350385445
2022.6146404743195,129.978,51,126.74967350385445
2024.1224100589752,129.975,51,126.74967350385445
2025.6294929981232,129.972,51,126.74967350385445
2027.1370787620544,129.968,51,126.74967350385445
2028.6439929008484,129.965,51,126.74967350385445
2030.151480436325,129.962,51,126.74967350385445
2031.6590640544891,129.959,51,126.74967350385445
2033.166806936264,129.955,51,126.74967350385445
2034.674243927002,129.952,51,126.74967350385445
2036.1817462444305,129.949,51,126.74967350385445
2037.6894524097443,129.946,51,126.74967350385445
2039.1968882083893,129.943,54,131.7640425281641
2041.2087137699127,129.94,54,131.7640425281641
2042.716297864914,129.941,54,131.7640425281641
2044.2235689163208,129.943,54,131.7640425281641
2045.731056213379,129.945,54,131.7640425281641
2047.2383832931519,129.949,54,131.7640425281641
2048.746200323105,129.952,54,131.7640425281641
2050.2538034915924,129.956,54,131.7640425281641
2051.761088371277,129.958,54,131.7640425281641
2053.268588066101,129.962,54,131.7640425281641
2054.775379896164,129.966,54,131.7640425281641
2056.282830476761,129.969,54,131.7640425281641
2057.790392637253,129.973,54,131.7640425281641
2059.297795534134,129.977,54,131.7640425281641
2060.8052463531494,129.98,54,131.7640425281641
2062.3126616477966,129.984,54,131.7640425281641
2063.820086479187,129.988,54,131.7640425281641
2065.3273665905,129.991,54,131.7640425281641
2066.834894180298,129.995,54,131.7640425281641
2068.3425374031067,129.999,54,131.7640425281641
2069.8501455783844,130.002,54,131.7640425281641
2071.3579246997833,130.005,54,131.7640425281641
2072.8653466701508,130.009,54,131.7640425281641
2074.3726193904877,130.012,54,131.7640425281641
2075.8800370693207,130.016,54,131.7640425281641
2077.3874497413635,130.02,54,131.7640425281641
2078.8948967456818,130.023,54,131.7640425281641
2080.4025418758392,130.026,54,131.7640425281641
2081.9102804660797,130.03,54,131.7640425281641
2083.4177408218384,130.033,54,131.7640425281641
2084.9255084991455,130.036,54,131.7640425281641
2086.4329414367676,130.04,54,131.7640425281641
2087.9406299591064,130.043,54,131.7640425281641
2089.447645187378,130.046,54,131.7640425281641
2090.9551594257355,130.049,54,131.7640425281641
2092.4626491069794,130.052,54,131.7640425281641
2093.9701800346375,130.055,54,131.7640425281641
2095.4778122901917,130.059,51,126.74967350385445
2097.4904000759125,130.061,51,126.74967350385445
2098.9980053901672,130.06,51,126.74967350385445
2100.5057032108307,130.058,51,126.74967350385445
2102.0131180286407,130.055,51,126.74967350385445
2103.5203869342804,130.052,51,126.74967350385445
2105.0275304317474,130.049,51,126.74967350385445
2106.534882068634,130.045,51,126.74967350385445
2108.04256439209,130.042,51,126.74967350385445
2109.5499958992004,130.038,51,126.74967350385445
2111.0575635433197,130.034,51,126.74967350385445
2112.564860343933,130.031,51,126.74967350385445
2114.0718507766724,130.027,51,126.74967350385445
2115.5793154239655,130.023,51,126.74967350385445
2117.087023973465,130.019,51,126.74967350385445
2118.5944607257843,130.015,51,126.74967350385445
2120.1019175052643,130.011,51,126.74967350385445
2121.6097111701965,130.007,51,126.74967350385445
2123.117081642151,130.003,51,126.74967350385445
2124.624269723892,129.999,51,126.74967350385445
2126.131737470627,129.996,51,126.74967350385445
2127.639285802841,129.992,51,126.74967350385445
2129.1468918323517,129.988,51,126.74967350385445
2130.6543595790863,129.984,51,126.74967350385445
2132.1619691848755,129.98,51,126.74967350385445
2133.669944524765,129.977,51,126.74967350385445
2135.1773433685303,129.973,51,126.74967350385445
2136.6846668720245,129.969,51,126.74967350385445
2138.1922051906586,129.965,51,126.74967350385445
2139.6995601654053,129.962,51,126.74967350385445
2141.2068712711334,129.959,51,126.74967350385445
2142.71439909935,129.955,51,126.74967350385445
2144.221795797348,129.952,51,126.74967350385445
2145.7292120456696,129.948,51,126.74967350385445
2147.2364242076874,129.945,51,126.74967350385445
2148.7435541152954,129.941,54,131.7640425281641
2150.755072116852,129.938,54,131.7640425281641
2152.262763738632,129.939,54,131.7640425281641
2153.7703018188477,129.941,54,131.7640425281641
2155.278043270111,129.944,54,131.7640425281641
2156.7854776382446,129.946,54,131.7640425281641
2158.2931003570557,129.949,54,131.7640425281641
2159.8005137443542,129.952,54,131.7640425281641
2161.3079073429108,129.956,54,131.7640425281641
2162.8153052330017,129.959,54,131.7640425281641
2164.3228797912598,129.963,54,131.7640425281641
2165.830746650696,129.966,54,131.7640425281641
2167.3383972644806,129.969,54,131.7640425281641
2168.846291065216,129.973,54,131.7640425281641
2170.3539655208588,129.976,54,131.7640425281641
2171.8615827560425,129.98,54,131.7640425281641
2173.3686990737915,129.984,54,131.7640425281641
2174.8756217956543,129.987,54,131.7640425281641
2176.3830032348633,129.991,54,131.7640425281641
2177.8906376361847,129.994,54,131.7640425281641
2179.39839720726,129.998,54,131.7640425281641
2180.905901670456,130.002,54,131.7640425281641
2182.4133059978485,130.005,54,131.7640425281641
2183.9206483364105,130.008,54,131.7640425281641
2185.428241968155,130.012,54,131.7640425281641
2186.9361839294434,130.015,54,131.7640425281641
2188.4435007572174,130.019,54,131.7640425281641
2189.950445175171,130.023,54,131.7640425281641
2191.4578795433044,130.026,54,131.7640425281641
2192.965818166733,130.03,54,131.7640425281641
2194.473698616028,130.033,54,131.7640425281641
2195.980986595154,130.037,54,131.7640425281641
2197.4882459640503,130.04,54,131.7640425281641
2198.995815038681,130.044,54,131.7640425281641
2200.5033326148987,130.047,54,131.7640425281641
2202.010353088379,130.051,54,131.7640425281641
2203.517721891403,130.054,54,131.7640425281641
2205.0247418880463,130.057,51,126.74967350385445
2207.036383867264,130.061,51,126.74967350385445
2208.5438463687897,130.06,51,126.74967350385445
2210.050783395767,130.058,51,126.74967350385445
2211.5580801963806,130.056,51,126.74967350385445
2213.0657291412354,130.053,51,126.74967350385445
2214.5731687545776,130.05,51,126.74967350385445
2216.080394268036,130.047,51,126.74967350385445
2217.5877702236176,130.044,51,126.74967350385445
2219.0953028202057,130.041,51,126.74967350385445
2220.6025688648224,130.038,51,126.74967350385445
2222.1101973056793,130.035,51,126.74967350385445
2223.617969751358,130.032,51,126.74967350385445
2225.1256976127625,130.028,51,126.74967350385445
2226.6330308914185,130.025,51,126.74967350385445
2228.1404147148132,130.022,51,126.74967350385445
2229.648057460785,130.019,51,126.74967350385445
2231.155143737793,130.015,51,126.74967350385445
2232.662388086319,130.012,51,126.74967350385445
2234.16970038414,130.008,51,126.74967350385445
2235.6770272254944,130.005,51,126.74967350385445
2237.183843612671,130.002,51,126.74967350385445
2238.690967321396,129.999,51,126.74967350385445
2240.198472738266,129.995,51,126.74967350385445
2241.7057540416718,129.992,51,126.74967350385445
2243.2130386829376,129.99,51,126.74967350385445
2244.7199816703796,129.986,51,126.74967350385445
2246.22705078125,129.983,51,126.74967350385445
2247.734194278717,129.98,51,126.74967350385445
2249.241269826889,129.977,51,126.74967350385445
2250.748002767563,129.974,51,126.74967350385445
2252.255098581314,129.971,51,126.74967350385445
2253.7622034549713,129.968,51,126.74967350385445
2255.269785642624,129.965,51,126.74967350385445
2256.776916027069,129.962,51,126.74967350385445
2258.2836899757385,129.959,51,126.74967350385445
2259.7909650802612,129.956,51,126.74967350385445
2261.297600030899,129.953,51,126.74967350385445
2262.8048939704895,129.95,51,126.74967350385445
2264.3118534088135,129.947,51,126.74967350385445
2265.819011449814,129.944,54,131.7640425281641
2267.829918861389,129.942,54,131.7640425281641
2269.337126493454,129.943,54,131.7640425281641
2270.8438370227814,129.945,54,131.7640425281641
2272.3508474826813,129.948,54,131.7640425281641
2273.858536720276,129.951,54,131.7640425281641
2275.3656668663025,129.954,54,131.7640425281641
2276.8731083869934,129.957,54,131.7640425281641
2278.3800933361053,129.961,54,131.7640425281641
2279.8871154785156,129.964,54,131.7640425281641
2281.394286632538,129.968,54,131.7640425281641
2282.9018342494965,129.972,54,131.7640425281641
2284.408955812454,129.975,54,131.7640425281641
2285.9160742759705,129.979,54,131.7640425281641
2287.423054933548,129.982,54,131.7640425281641
2288.930573940277,129.986,54,131.7640425281641
2290.437454223633,129.989,54,131.7640425281641
2291.9441497325897,129.993,54,131.7640425281641
2293.451169729233,129.997,54,131.7640425281641
2294.9585058689117,130.0,54,131.7640425281641
2296.4658203125,130.004,54,131.7640425281641
2297.973125934601,130.008,54,131.7640425281641
2299.4804933071136,130.012,54,131.7640425281641
2300.987238883972,130.015,54,131.7640425281641
2302.494385957718,130.018,54,131.7640425281641
2304.001901626587,130.022,54,131.7640425281641
2305.5094060897827,130.025,54,131.7640425281641
2307.0164244174957,130.029,54,131.7640425281641
2308.5232870578766,130.032,54,131.7640425281641
2310.030715942383,130.036,54,131.7640425281641
2311.537969827652,130.039,54,131.7640425281641
2313.0455362796783,130.043,54,131.7640425281641
2314.552764892578,130.046,54,131.7640425281641
2316.05934882164,130.049,54,131.7640425281641
2317.5665168762207,130.052,54,131.7640425281641
2319.0736083984375,130.056,51,126.74967350385445
2321.0841331481934,130.059,51,126.74967350385445
2322.5914788246155,130.058,51,126.74967350385445
2324.098559617996,130.055,51,126.74967350385445
2325.606002807617,130.053,51,126.74967350385445
2327.1136202812195,130.05,51,126.74967350385445
2328.620906352997,130.047,51,126.74967350385445
2330.127597808838,130.043,51,126.74967350385445
2331.634553194046,130.04,51,126.74967350385445
2333.141842842102,130.036,51,126.74967350385445
2334.649377346039,130.032,51,126.74967350385445
2336.1559278964996,130.029,51,126.74967350385445
2337.6629543304443,130.025,51,126.74967350385445
2339.1699392795563,130.021,51,126.74967350385445
2340.677149772644,130.017,51,126.74967350385445
2342.1839847564697,130.013,51,126.74967350385445
2343.6910593509674,130.009,51,126.74967350385445
2345.198230266571,130.005,51,126.74967350385445
2346.7056620121,130.001,51,126.74967350385445
2348.213002204895,129.997,51,126.74967350385445
2349.720006942749,129.994,51,126.74967350385445
2351.2270398139954,129.99,51,126.74967350385445
2352.7341589927673,129.986,51,126.74967350385445
2354.241796731949,129.983,51,126.74967350385445
2355.7491703033447,129.979,51,126.74967350385445
2357.2560987472534,129.975,51,126.74967350385445
2358.7634789943695,129.971,51,126.74967350385445
2360.2711453437805,129.967,51,126.74967350385445
2361.779077529907,129.964,51,126.74967350385445
2363.2871272563934,129.96,51,126.74967350385445
2364.7950868606567,129.957,51,126.74967350385445
2366.3030416965485,129.953,51,126.74967350385445
2367.8109936714172,129.949,51,126.74967350385445
2369.3188178539276,129.946,51,126.74967350385445
2370.826794862747,129.943,54,131.7640425281641
2372.83939743042,129.939,54,131.7640425281641
2374.347497701645,129.94,54,131.7640425281641
2375.855318546295,129.942,54,131.7640425281641
2377.363219976425,129.944,54,131.7640425281641
2378.871220111847,129.947,54,131.7640425281641
2380.379047870636,129.95,54,131.7640425281641
2381.8870618343353,129.953,54,131.7640425281641
2383.3951482772827,129.956,54,131.7640425281641
2384.902923822403,129.959,54,131.7640425281641
2386.4108078479767,129.963,54,131.7640425281641
2387.9186294078827,129.967,54,131.7640425281641
2389.426451444626,129.97,54,131.7640425281641
2390.934451818466,129.974,54,131.7640425281641
2392.442385673523,129.977,54,131.7640425281641
2393.950511455536,129.98,54,131.7640425281641
2395.4584028720856,129.984,54,131.7640425281641
2396.9665582180023,129.988,54,131.7640425281641
2398.4745593070984,129.991,54,131.7640425281641
2399.982406139374,129.995,54,131.7640425281641
2401.4900522232056,129.998,54,131.7640425281641
2402.9981079101562,130.002,54,131.7640425281641
2404.5057921409607,130.005,54,131.7640425281641
2406.0138070583344,130.009,54,131.7640425281641
2407.521737575531,130.012,54,131.7640425281641
2409.029682159424,130.016,54,131.7640425281641
2410.536953687668,130.02,54,131.7640425281641
2412.0441007614136,130.023,54,131.7640425281641
2413.551938056946,130.026,54,131.7640425281641
2415.0599381923676,130.03,54,131.7640425281641
2416.5679383277893,130.033,54,131.7640425281641
2418.0757756233215,130.037,54,131.7640425281641
2419.5834460258484,130.041,54,131.7640425281641
2421.091030359268,130.044,54,131.7640425281641
2422.59881734848,130.047,54,131.7640425281641
2424.10657954216,130.051,54,131.7640425281641
2425.614593267441,130.054,54,131.7640425281641
2427.122437477112,130.058,51,126.74967350385445
2429.1351068019867,130.061,51,126.74967350385445
2430.642895460129,130.06,51,126.74967350385445
2432.1506328582764,130.059,51,126.74967350385445
2433.658650159836,130.056,51,126.74967350385445
2435.166603088379,130.054,51,126.74967350385445
2436.6747028827667,130.051,51,126.74967350385445
2438.182727575302,130.048,51,126.74967350385445
2439.6907453536987,130.045,51,126.74967350385445
2441.1986331939697,130.042,51,126.74967350385445
2442.7064039707184,130.039,51,126.74967350385445
2444.214257955551,130.036,51,126.74967350385445
2445.72226023674,130.033,51,126.74967350385445
2447.2300896644592,130.03,51,126.74967350385445
2448.7381920814514,130.026,51,126.74967350385445
2450.24604511261,130.023,51,126.74967350385445
2451.754059076309,130.02,51,126.74967350385445
2453.262067079544,130.017,51,126.74967350385445
2454.7699987888336,130.013,51,126.74967350385445
2456.2779166698456,130.009,51,126.74967350385445
2457.7859256267548,130.006,51,126.74967350385445
2459.2941524982452,130.002,51,126.74967350385445
2460.8019845485687,129.999,51,126.74967350385445
2462.3100287914276,129.996,51,126.74967350385445
2463.8180961608887,129.993,51,126.74967350385445
2465.32581949234,129.989,51,126.74967350385445
2466.8338878154755,129.986,51,126.74967350385445
2468.341750383377,129.983,51,126.74967350385445
2469.8494720458984,129.979,51,126.74967350385445
2471.3574867248535,129.976,51,126.74967350385445
2472.865159034729,129.972,51,126.74967350385445
2474.3729677200317,129.969,51,126.74967350385445
2475.8806307315826,129.965,51,126.74967350385445
2477.388254404068,129.962,51,126.74967350385445
2478.8960506916046,129.959,51,126.74967350385445
2480.403924226761,129.956,51,126.74967350385445
2481.9115085601807,129.952,51,126.74967350385445
2483.4189915657043,129.949,51,126.74967350385445
2484.9268276691437,129.946,51,126.74967350385445
2486.434772491455,129.942,54,131.7640425281641
2488.447568655014,129.939,54,131.7640425281641
2489.9556930065155,129.941,54,131.7640425281641
2491.4634573459625,129.943,54,131.7640425281641
2492.9712479114532,129.945,54,131.7640425281641
2494.478950023651,129.948,54,131.7640425281641
2495.986668586731,129.951,54,131.7640425281641
2497.4946315288544,129.954,54,131.7640425281641
2499.002467393875,129.958,54,131.7640425281641
2500.5100905895233,129.961,54,131.7640425281641
2502.017689704895,129.964,54,131.7640425281641
2503.5255966186523,129.968,54,131.7640425281641
2505.033378839493,129.972,54,131.7640425281641
2506.54124045372,129.975,54,131.7640425281641
2508.0488510131836,129.979,54,131.7640425281641
2509.5567512512207,129.983,54,131.7640425281641
2511.064505338669,129.986,54,131.7640425281641
2512.5722086429596,129.99,54,131.7640425281641
2514.0800042152405,129.993,54,131.7640425281641
2515.5877635478973,129.997,54,131.7640425281641
2517.0954270362854,130.001,54,131.7640425281641
2518.6031291484833,130.004,54,131.7640425281641
2520.110929965973,130.008,54,131.7640425281641
2521.6190178394318,130.012,54,131.7640425281641
2523.1270270347595,130.015,54,131.7640425281641
2524.634817838669,130.019,54,131.7640425281641
2526.1428072452545,130.022,54,131.7640425281641
2527.6508283615112,130.026,54,131.7640425281641
2529.158709049225,130.03,54,131.7640425281641
2530.6665139198303,130.033,54,131.7640425281641
2532.174064397812,130.037,54,131.7640425281641
2533.682069301605,130.04,54,131.7640425281641
2535.1901416778564,130.044,54,131.7640425281641
2536.6980962753296,130.048,54,131.7640425281641
2538.205939054489,130.051,54,131.7640425281641
2539.713527441025,130.054,54,131.7640425281641
2541.2213616371155,130.058,51,126.74967350385445
2543.2339239120483,130.062,51,126.74967350385445
2544.741989135742,130.061,51,126.74967350385445
2546.2501406669617,130.059,51,126.74967350385445
2547.7581779956818,130.057,51,126.74967350385445
2549.2641546726227,130.055,51,126.74967350385445
2550.7721507549286,130.052,51,126.74967350385445
2552.279897928238,130.049,51,126.74967350385445
2553.787800550461,130.046,51,126.74967350385445
2555.2953202724457,130.043,51,126.74967350385445
2556.803321838379,130.04,51,126.74967350385445
2558.3108756542206,130.037,51,126.74967350385445
2559.8189146518707,130.034,51,126.74967350385445
2561.3268485069275,130.03,51,126.74967350385445
2562.834579229355,130.028,51,126.74967350385445
2564.3424916267395,130.024,51,126.74967350385445
2565.8505992889404,130.021,51,126.74967350385445
2567.358298778534,130.019,51,126.74967350385445
2568.8659658432007,130.015,51,126.74967350385445
2570.3737993240356,130.013,51,126.74967350385445
2571.8818101882935,130.01,51,126.74967350385445
2573.3895602226257,130.007,51,126.74967350385445
2574.897222995758,130.004,51,126.74967350385445
2576.405071735382,130.001,51,126.74967350385445
2577.912679195404,129.998,51,126.74967350385445
2579.4200587272644,129.995,51,126.74967350385445
2580.927916765213,129.992,51,126.74967350385445
2582.4358026981354,129.989,51,126.74967350385445
2583.9435544013977,129.987,51,126.74967350385445
2585.4514412879944,129.984,51,126.74967350385445
2586.9593250751495,129.981,51,126.74967350385445
2588.467092037201,129.977,51,126.74967350385445
2589.974833011627,129.975,51,126.74967350385445
2591.4823718070984,129.972,51,126.74967350385445
2592.9891769886017,129.969,51,126.74967350385445
2594.4969112873077,129.967,51,126.74967350385445
2596.0045895576477,129.964,51,126.74967350385445
2597.512291908264,129.961,51,126.74967350385445
2599.020056247711,129.958,51,126.74967350385445
2600.527953147888,129.955,51,126.74967350385445
2602.0351886749268,129.953,51,126.74967350385445
2603.5426530838013,129.95,51,126.74967350385445
2605.0505950450897,129.947,51,126.74967350385445
2606.558415412903,129.945,51,126.74967350385445
2608.066407442093,129.942,54,131.7640425281641
2610.0789408683777,129.939,54,131.7640425281641
2611.5867850780487,129.941,54,131.7640425281641
2613.0946033000946,129.943,54,131.7640425281641
2614.602635860443,129.946,54,131.7640425281641
2616.110583305359,129.949,54,131.7640425281641
2617.6185998916626,129.952,54,131.7640425281641
2619.1265456676483,129.956,54,131.7640425281641
2620.634535074234,129.959,54,131.7640425281641
2622.142446041107,129.963,54,131.7640425281641
2623.649966478348,129.966,54,131.7640425281641
2625.1579868793488,129.97,54,131.7640425281641
2626.6660809516907,129.974,54,131.7640425281641
2628.173856496811,129.978,54,131.7640425281641
2629.682135820389,129.981,54,131.7640425281641
2631.1901001930237,129.985,54,131.7640425281641
2632.6978330612183,129.988,54,131.7640425281641
2634.2055106163025,129.992,54,131.7640425281641
2635.7131283283234,129.996,54,131.7640425281641
2637.2209820747375,129.999,54,131.7640425281641
2638.7287073135376,130.003,54,131.7640425281641
2640.2362871170044,130.006,54,131.7640425281641
2641.7439000606537,130.01,54,131.7640425281641
2643.251792907715,130.013,54,131.7640425281641
2644.7597920894623,130.017,54,131.7640425281641
2646.267463207245,130.02,54,131.7640425281641
2647.775196790695,130.024,54,131.7640425281641
2649.283079147339,130.027,54,131.7640425281641
2650.790521144867,130.03,54,131.7640425281641
2652.2986030578613,130.034,54,131.7640425281641
2653.806475162506,130.038,54,131.7640425281641
2655.3143858909607,130.041,54,131.7640425281641
2656.82230591774,130.045,54,131.7640425281641
2658.330031633377,130.048,54,131.7640425281641
2659.837828397751,130.051,54,131.7640425281641
2661.345819711685,130.055,54,131.7640425281641
2662.853478193283,130.058,51,126.74967350385445
2664.866120815277,130.062,51,126.74967350385445
2666.374135494232,130.061,51,126.74967350385445
2667.8818204402924,130.059,51,126.74967350385445
2669.3898005485535,130.057,51,126.74967350385445
2670.8975298404694,130.055,51,126.74967350385445
2672.4053225517273,130.052,51,126.74967350385445
2673.9135534763336,130.049,51,126.74967350385445
2675.4215581417084,130.046,51,126.74967350385445
2676.929502248764,130.042,51,126.74967350385445
2678.4373474121094,130.039,51,126.74967350385445
2679.9450466632843,130.036,51,126.74967350385445
2681.4528753757477,130.033,51,126.74967350385445
2682.9606609344482,130.03,51,126.74967350385445
2684.4682307243347,130.027,51,126.74967350385445
2685.975939512253,130.023,51,126.74967350385445
2687.4833641052246,130.02,51,126.74967350385445
2688.9910774230957,130.017,51,126.74967350385445
2690.498836517334,130.014,51,126.74967350385445
2692.0066633224487,130.01,51,126.74967350385445
2693.514588356018,130.007,51,126.74967350385445
2695.0225191116333,130.003,51,126.74967350385445
2696.5305030345917,130.0,51,126.74967350385445
2698.038367509842,129.997,51,126.74967350385445
2699.5464408397675,129.993,51,126.74967350385445
2701.054211139679,129.99,51,126.74967350385445
2702.5619599819183,129.987,51,126.74967350385445
2704.0697236061096,129.984,51,126.74967350385445
2705.5774161815643,129.981,51,126.74967350385445
2707.0851352214813,129.977,51,126.74967350385445
2708.592839241028,129.974,51,126.74967350385445
2710.1009299755096,129.971,51,126.74967350385445
2711.608457803726,129.968,51,126.74967350385445
2713.1160864830017,129.964,51,126.74967350385445
2714.6235885620117,129.961,51,126.74967350385445
2716.1313490867615,129.958,51,126.74967350385445
2717.6390764713287,129.954,51,126.74967350385445
2719.146898984909,129.952,51,126.74967350385445
2720.654695749283,129.949,51,126.74967350385445
2722.1628069877625,129.945,51,126.74967350385445
2723.6709258556366,129.942,54,131.7640425281641
2725.6834313869476,129.939,54,131.7640425281641
2727.191426753998,129.94,54,131.7640425281641
2728.6992259025574,129.942,54,131.7640425281641
2730.2071084976196,129.945,54,131.7640425281641
2731.7151243686676,129.948,54,131.7640425281641
2733.222928762436,129.951,54,131.7640425281641
2734.7308144569397,129.955,54,131.7640425281641
2736.2387013435364,129.958,54,131.7640425281641
2737.746565580368,129.962,54,131.7640425281641
2739.25461935997,129.965,54,131.7640425281641
2740.762659072876,129.968,54,131.7640425281641
2742.270656824112,129.972,54,131.7640425281641
2743.7784531116486,129.976,54,131.7640425281641
2745.2866814136505,129.979,54,131.7640425281641
2746.794690132141,129.983,54,131.7640425281641
2748.3025228977203,129.987,54,131.7640425281641
2749.8104870319366,129.991,54,131.7640425281641
2751.31836605072,129.994,54,131.7640425281641
2752.8263659477234,129.998,54,131.7640425281641
2754.3341734409332,130.001,54,131.7640425281641
2755.8415212631226,130.005,54,131.7640425281641
2757.3492846488953,130.009,54,131.7640425281641
2758.8571395874023,130.012,54,131.7640425281641
2760.3640813827515,130.015,54,131.7640425281641
2761.871809244156,130.018,54,131.7640425281641
2763.3794305324554,130.022,54,131.7640425281641
2764.887433052063,130.025,54,131.7640425281641
2766.395338535309,130.028,54,131.7640425281641
2767.9026534557343,130.031,54,131.7640425281641
2769.410534143448,130.034,54,131.7640425281641
2770.9182634353638,130.037,54,131.7640425281641
2772.426209926605,130.04,54,131.7640425281641
2773.9341971874237,130.043,54,131.7640425281641
2775.4422311782837,130.046,54,131.7640425281641
2776.9502403736115,130.048,54,131.7640425281641
2778.4582641124725,130.051,54,131.7640425281641
2779.9661288261414,130.053,54,131.7640425281641
2781.474071264267,130.056,51,126.74967350385445
2783.486675262451,130.058,51,126.74967350385445
2784.994428396225,130.056,51,126.74967350385445
2786.502415418625,130.054,51,126.74967350385445
2788.010362625122,130.05,51,126.74967350385445
2789.5184936523438,130.047,51,126.74967350385445
2791.02646112442,130.043,51,126.74967350385445
2792.5336487293243,130.039,51,126.74967350385445
2794.0416328907013,130.035,51,126.74967350385445
2795.549427509308,130.031,51,126.74967350385445
