time,T_sensor
0.029303312301635742,102.145
1.615311622619629,102.146
2.128934144973755,102.146
3.1332285404205322,102.146
3.65118408203125,102.147
4.656646490097046,102.147
5.17536473274231,102.147
6.1829993724823,102.147
6.698228597640991,102.147
7.71959376335144,102.148
8.235671997070312,102.148
9.23750638961792,102.148
9.747456073760986,102.148
10.753881931304932,102.149
11.261269330978394,102.149
12.261363744735718,102.149
12.778769254684448,102.149
13.79015326499939,102.15
14.304871559143066,102.15
15.309068441390991,102.15
15.822236061096191,102.15
16.83711814880371,102.151
17.352157831192017,102.151
18.37167525291443,102.151
18.89692449569702,102.152
19.893673181533813,102.152
20.43004608154297,102.152
21.422407865524292,102.153
21.94908881187439,102.153
22.939145803451538,102.153
23.46325397491455,102.154
24.462316513061523,102.154
24.992587566375732,102.154
25.98207998275757,102.154
26.511287689208984,102.154
27.499382495880127,102.155
28.02803373336792,102.155
29.017253637313843,102.155
29.543632745742798,102.156
30.544050693511963,102.156
31.064202547073364,102.157
32.07125544548035,102.157
32.587268352508545,102.157
33.60209631919861,102.158
34.12407064437866,102.158
35.12853217124939,102.158
35.64599919319153,102.159
36.64925575256348,102.159
37.16748857498169,102.159
38.18256950378418,102.159
38.70324754714966,102.16
39.7096791267395,102.16
40.22627544403076,102.16
41.22950077056885,102.161
41.744351387023926,102.161
42.74738097190857,102.161
43.267141580581665,102.161
44.27422285079956,102.161
44.785359144210815,102.162
45.794060707092285,102.162
46.30467391014099,102.162
47.3173508644104,102.162
47.832688331604004,102.162
48.834513902664185,102.163
49.34677505493164,102.163
50.35137605667114,102.163
50.871307611465454,102.163
51.8721969127655,102.163
52.395187854766846,102.163
53.39653015136719,102.164
53.915215492248535,102.164
54.9178147315979,102.164
55.431413650512695,102.164
56.44066023826599,102.165
56.95996594429016,102.164
57.958242416381836,102.165
58.48919129371643,102.164
59.48262548446655,102.165
60.01422095298767,102.165
61.14326882362366,102.165
61.65403199195862,102.165
62.66116118431091,102.166
63.172072410583496,102.166
64.17784571647644,102.166
64.69544959068298,102.166
65.70498991012573,102.166
66.22225332260132,102.166
67.2387924194336,102.166
67.75627565383911,102.166
68.76826119422913,102.167
69.28603935241699,102.167
70.30139660835266,102.167
70.81227350234985,102.167
71.82002139091492,102.167
72.33364224433899,102.168
73.34595084190369,102.168
73.85707330703735,102.168
74.85811924934387,102.168
75.37255215644836,102.168
76.37566781044006,102.169
76.88727617263794,102.169
77.90752816200256,102.169
78.42306995391846,102.169
79.44581937789917,102.169
79.96620583534241,102.169
80.97730493545532,102.17
81.48828744888306,102.169
82.50962996482849,102.17
83.02635288238525,102.17
84.03837656974792,102.17
84.55706715583801,102.171
85.5682303905487,102.171
86.08274269104004,102.171
87.09246158599854,102.171
87.60573244094849,102.171
88.60891962051392,102.171
89.12911415100098,102.171
90.12002658843994,102.172
90.64934253692627,102.172
91.64001059532166,102.172
92.16859269142151,102.172
93.16910862922668,102.172
93.68692183494568,102.172
94.69108200073242,102.172
95.20595121383667,102.173
96.2146589756012,102.173
96.73337602615356,102.173
97.74050450325012,102.173
98.26101398468018,102.173
99.26943612098694,102.174
99.78835034370422,102.174
100.80689692497253,102.174
101.32619404792786,102.174
102.32076930999756,102.174
102.84789967536926,102.174
103.84187817573547,102.174
104.36624050140381,102.174
105.35842394828796,102.175
105.88677382469177,102.175
106.87534427642822,102.175
107.40125155448914,102.175
108.38808560371399,102.175
108.929612159729,102.176
109.91069412231445,102.176
110.45383143424988,102.176
111.43151473999023,102.176
111.97631573677063,102.176
112.95536637306213,102.176
113.49430346488953,102.177
114.47145581245422,102.176
115.01446294784546,102.177
115.99570870399475,102.177
116.54079723358154,102.177
117.51825976371765,102.177
118.06102585792542,102.177
119.04241943359375,102.177
119.5869631767273,102.177
120.55891060829163,102.178
121.35192728042603,102.178
122.07616925239563,102.178
122.86617374420166,102.178
123.5954110622406,102.178
124.38315081596375,102.178
125.11856818199158,102.179
125.90732383728027,102.179
126.63624572753906,102.179
127.42802333831787,102.179
128.15758347511292,102.179
128.95021724700928,102.179
129.68292140960693,102.179
130.47127556800842,102.179
131.19690895080566,102.18
132.00428581237793,102.18
132.7219843864441,102.18
133.53095173835754,102.18
134.24364042282104,102.18
135.04505395889282,102.18
135.77869939804077,102.18
136.57752799987793,102.18
137.31128025054932,102.18
138.0992546081543,102.18
138.829092502594,102.18
139.61409831047058,102.18
140.3864893913269,102.181
141.13144659996033,102.181
141.90437173843384,102.18
142.64418482780457,102.181
143.43699622154236,102.181
144.16911387443542,102.181
144.95645451545715,102.181
145.68518352508545,102.181
146.47921562194824,102.181
147.20508933067322,102.181
147.99550104141235,102.181
148.72297072410583,102.181
149.52430725097656,102.181
150.2609305381775,102.181
151.04808855056763,102.181
151.7782425880432,102.181
152.5768461227417,102.182
153.30291867256165,102.182
154.0933017730713,102.181
154.82022142410278,102.182
155.61617016792297,102.182
156.3459529876709,102.182
157.14049625396729,102.182
157.87196373939514,102.182
158.66547441482544,102.182
159.40168356895447,102.183
160.19871163368225,102.183
160.93008422851562,102.183
161.72267293930054,102.183
162.4584994316101,102.183
163.2511444091797,102.183
163.98716115951538,102.184
164.78045678138733,102.183
165.51388311386108,102.184
166.304669380188,102.184
167.03622603416443,102.184
167.82643342018127,102.184
168.5529978275299,102.184
169.34832191467285,102.184
170.07296109199524,102.184
170.86224603652954,102.185
171.59235072135925,102.185
172.38486075401306,102.185
173.11888933181763,102.185
173.91190767288208,102.185
174.6420030593872,102.186
175.43593907356262,102.186
176.16488480567932,102.186
176.95593094825745,102.186
177.69136142730713,102.187
178.48528409004211,102.187
179.22047781944275,102.187
180.016179561615,102.187
180.75215411186218,102.188
181.66527366638184,102.188
182.2623245716095,102.188
183.19123029708862,102.189
183.78332662582397,102.189
184.71131372451782,102.189
185.2973611354828,102.189
186.2248830795288,102.19
186.81503868103027,102.19
187.74398636817932,102.19
188.32732605934143,102.19
189.27113223075867,102.191
189.85210013389587,102.191
190.79552459716797,102.191
191.3698751926422,102.192
192.322514295578,102.192
192.8981351852417,102.192
193.8477246761322,102.192
194.42513847351074,102.193
195.37632656097412,102.193
195.95201587677002,102.193
196.90784692764282,102.193
197.4840738773346,102.193
198.44405722618103,102.193
199.00435209274292,102.194
199.9743673801422,102.194
200.5378098487854,102.194
201.50041556358337,102.195
202.0591402053833,102.195
203.01991248130798,102.195
203.57584476470947,102.195
204.53139209747314,102.195
205.1021020412445,102.196
206.05199909210205,102.196
206.62701678276062,102.196
207.573340177536,102.196
208.14554452896118,102.196
209.0873203277588,102.197
209.6610357761383,102.197
210.6051731109619,102.197
211.17390751838684,102.198
212.13103008270264,102.197
212.6872010231018,102.198
213.661372423172,102.198
214.19903206825256,102.198
215.18495225906372,102.199
215.729984998703,102.199
216.70580077171326,102.199
217.24613857269287,102.2
218.22160172462463,102.2
218.75815868377686,102.2
219.73466658592224,102.201
220.27999186515808,102.201
221.25222206115723,102.201
221.79338455200195,102.201
222.77768659591675,102.202
223.31986618041992,102.202
224.30436849594116,102.203
224.8544487953186,102.203
225.8268210887909,102.203
226.38609147071838,102.203
227.3562798500061,102.203
227.91622066497803,102.204
228.8774015903473,102.204
229.4383111000061,102.204
230.396466255188,102.205
230.9586763381958,102.205
231.9175841808319,102.205
232.47340726852417,102.206
233.43172764778137,102.206
233.99258184432983,102.206
234.95199990272522,102.206
235.51301288604736,102.206
236.4759783744812,102.207
237.03138995170593,102.207
238.0059142112732,102.207
238.5505256652832,102.207
239.52173399925232,102.207
240.07875800132751,102.207
241.0382604598999,102.208
241.84903001785278,102.208
242.55601739883423,102.208
243.37530255317688,102.208
244.06530809402466,102.208
244.89380168914795,102.208
245.5881621837616,102.209
246.4260070323944,102.209
247.10733079910278,102.209
247.94343423843384,102.209
248.63584971427917,102.209
249.47124814987183,102.21
250.1521258354187,102.21
250.9883167743683,102.21
251.6623706817627,102.21
252.516916513443,102.21
253.1850724220276,102.21
254.042387008667,102.211
254.7056601047516,102.211
255.5601885318756,102.211
256.22437286376953,102.211
257.09124875068665,102.211
257.7401328086853,102.211
258.60730719566345,102.211
259.2595753669739,102.212
260.12759256362915,102.212
260.77805948257446,102.212
261.6478922367096,102.212
262.3002893924713,102.212
263.1701982021332,102.212
263.82130098342896,102.212
264.6911973953247,102.212
265.3379817008972,102.212
266.2026903629303,102.212
266.85092210769653,102.213
267.7139151096344,102.213
268.3741111755371,102.213
269.2401785850525,102.213
269.8911738395691,102.213
270.7662281990051,102.213
271.4162242412567,102.212
272.2984049320221,102.212
272.93527245521545,102.213
273.81148314476013,102.213
274.46526288986206,102.213
275.3310158252716,102.213
275.9821915626526,102.213
276.85131669044495,102.213
277.50276136398315,102.213
278.3660218715668,102.213
279.02949810028076,102.213
279.89483404159546,102.213
280.5440671443939,102.213
281.40474152565,102.213
282.0743033885956,102.213
282.9249539375305,102.213
283.59143924713135,102.213
284.43955159187317,102.213
285.12067317962646,102.213
285.9598093032837,102.214
286.6445116996765,102.214
287.48432421684265,102.214
288.17077922821045,102.214
289.0110363960266,102.214
289.6993932723999,102.214
290.5395996570587,102.214
291.229252576828,102.214
292.0744185447693,102.214
292.7606942653656,102.214
293.6004853248596,102.214
294.29304480552673,102.214
295.1224596500397,102.214
295.8269021511078,102.214
296.6380560398102,102.214
297.3461883068085,102.215
298.1673879623413,102.214
298.86365246772766,102.215
299.6864347457886,102.214
300.90009665489197,102.215
301.4137725830078,102.215
302.54706287384033,102.215
303.06398367881775,102.216
304.0710768699646,102.217
304.5859429836273,102.217
305.59430503845215,102.218
306.1155672073364,102.219
307.1231245994568,102.22
307.6423499584198,102.22
308.653697013855,102.221
309.1713628768921,102.222
310.1802315711975,102.224
310.69806599617004,102.224
311.7097260951996,102.225
312.22578477859497,102.226
313.2252902984619,102.227
313.7533257007599,102.227
314.7420151233673,102.229
315.2681727409363,102.229
316.2623574733734,102.231
316.7923800945282,102.231
317.785325050354,102.232
318.3123297691345,102.233
319.30849599838257,102.234
319.8397207260132,102.235
320.8288745880127,102.236
321.3513877391815,102.237
322.35898065567017,102.238
322.87728786468506,102.239
323.8946223258972,102.241
324.40872383117676,102.241
325.42624521255493,102.242
325.93909215927124,102.243
326.94651198387146,102.244
327.46127676963806,102.245
328.4713547229767,102.247
328.98225808143616,102.247
329.98629093170166,102.249
330.49803733825684,102.25
331.49719977378845,102.251
332.0233111381531,102.252
333.0174009799957,102.253
333.5461320877075,102.253
334.54061555862427,102.255
335.06536769866943,102.256
336.0650885105133,102.257
336.5959725379944,102.257
337.5902886390686,102.259
338.1129665374756,102.259
339.1093399524689,102.261
339.636323928833,102.262
340.64337182044983,102.262
341.15892696380615,102.263
342.1635208129883,102.264
342.6724021434784,102.265
343.6816132068634,102.266
344.19979333877563,102.267
345.20526146888733,102.267
345.7222304344177,102.268
346.72636890411377,102.269
347.24010610580444,102.27
348.2522325515747,102.271
348.7650420665741,102.271
349.77573585510254,102.272
350.2937355041504,102.273
351.3083145618439,102.274
351.8213725090027,102.274
352.83633184432983,102.275
353.3538534641266,102.275
354.3531847000122,102.276
354.87917733192444,102.277
355.87133955955505,102.278
356.39967155456543,102.278
357.40337443351746,102.278
357.9166851043701,102.279
358.9238374233246,102.28
359.4407784938812,102.28
360.45140290260315,102.281
360.9682340621948,102.282
361.9782392978668,102.282
362.6422016620636,102.283
363.49288845062256,102.284
364.15211296081543,102.284
365.0076096057892,102.285
365.6739559173584,102.285
366.53193974494934,102.286
367.20178174972534,102.287
368.058669090271,102.287
368.7253348827362,102.288
369.57864332199097,102.289
370.2438976764679,102.289
371.1049542427063,102.29
371.7680802345276,102.291
372.6406373977661,102.292
373.2935917377472,102.292
374.1619427204132,102.293
374.8132438659668,102.293
375.6843430995941,102.294
376.3316795825958,102.295
377.21103596687317,102.295
377.8433017730713,102.296
378.7290642261505,102.297
379.36714363098145,102.297
380.247620344162,102.298
380.8830375671387,102.299
381.77727127075195,102.3
382.3991117477417,102.3
383.29661750793457,102.301
383.91349720954895,102.301
384.8260087966919,102.302
385.43230867385864,102.303
386.3465950489044,102.304
386.95284819602966,102.304
387.87285900115967,102.305
388.47746443748474,102.306
389.39282512664795,102.306
389.99488615989685,102.307
390.92114996910095,102.308
391.51440048217773,102.308
392.44724464416504,102.309
393.0354356765747,102.309
393.9653127193451,102.31
394.55807638168335,102.311
395.48610186576843,102.311
396.06738567352295,102.312
397.00260043144226,102.312
397.5944080352783,102.313
398.52924060821533,102.313
399.1164391040802,102.314
400.04985666275024,102.314
400.64722537994385,102.315
401.57845973968506,102.316
402.16897916793823,102.316
403.1031322479248,102.316
403.69278597831726,102.317
404.6267833709717,102.317
405.22404861450195,102.318
406.1581835746765,102.318
406.7472622394562,102.319
407.68162512779236,102.32
408.2759099006653,102.32
409.2143018245697,102.321
409.806028842926,102.321
410.7329320907593,102.322
411.3184461593628,102.322
412.25755524635315,102.323
412.8444480895996,102.323
413.7794361114502,102.324
414.36716961860657,102.324
415.296026468277,102.325
415.89550614356995,102.326
416.8240795135498,102.326
417.4112014770508,102.327
418.34307765960693,102.328
418.94172954559326,102.328
419.87020659446716,102.329
420.4631516933441,102.329
421.39698338508606,102.33
421.99110674858093,102.33
423.05046463012695,102.331
423.5687623023987,102.332
424.577255487442,102.333
425.09609174728394,102.333
426.1144976615906,102.334
426.62537145614624,102.334
427.6343219280243,102.335
428.15207147598267,102.336
429.15723609924316,102.336
429.6721134185791,102.337
430.67470145225525,102.338
431.19396686553955,102.338
432.21134638786316,102.339
432.7396197319031,102.339
433.7397446632385,102.34
434.2548682689667,102.341
435.27125549316406,102.341
435.79886412620544,102.342
436.7951250076294,102.343
437.321896314621,102.343
438.31913208961487,102.344
438.8461709022522,102.344
439.8365411758423,102.345
440.3920624256134,102.346
441.36433386802673,102.346
441.90643405914307,102.347
442.88153290748596,102.348
443.4263255596161,102.348
444.40396642684937,102.349
444.94512009620667,102.349
445.9228754043579,102.35
446.46629452705383,102.35
447.44921708106995,102.351
447.99245595932007,102.351
448.97344946861267,102.352
449.5136880874634,102.352
450.4915552139282,102.353
451.03877663612366,102.354
452.0120782852173,102.354
452.55131578445435,102.354
453.54252672195435,102.355
454.06915187835693,102.356
455.06951689720154,102.356
455.58119678497314,102.357
456.5980622768402,102.358
457.1185460090637,102.358
458.1311113834381,102.359
458.6380910873413,102.359
459.64357805252075,102.36
460.157142162323,102.36
461.1654713153839,102.361
461.6796591281891,102.361
462.68411087989807,102.362
463.19657254219055,102.363
464.20729637145996,102.363
464.7227129936218,102.364
465.74321150779724,102.365
466.2658383846283,102.365
467.27223896980286,102.366
467.7870910167694,102.366
468.79244089126587,102.367
469.31065583229065,102.368
470.32880330085754,102.368
470.8421211242676,102.369
471.8500294685364,102.37
472.36881852149963,102.37
473.3743939399719,102.371
473.89389276504517,102.372
474.90126371383667,102.373
475.41691756248474,102.373
476.41623091697693,102.375
476.9472279548645,102.375
477.9411368370056,102.376
478.4728362560272,102.376
479.46930956840515,102.378
480.00060749053955,102.378
480.99926352500916,102.379
481.53036522865295,102.38
482.53030037879944,102.381
483.19410943984985,102.382
484.0492293834686,102.383
484.7166268825531,102.383
485.57493019104004,102.384
486.24120140075684,102.385
487.09141874313354,102.386
487.754695892334,102.387
488.60917806625366,102.388
489.27404403686523,102.389
490.1251449584961,102.39
490.79253220558167,102.39
491.6424551010132,102.391
492.31190299987793,102.391
493.1672294139862,102.393
493.83424973487854,102.393
494.68922328948975,102.393
495.3550224304199,102.394
496.2070429325104,102.395
496.87609004974365,102.396
497.7232913970947,102.396
498.40787625312805,102.397
499.2380864620209,102.398
499.9221291542053,102.398
500.75954031944275,102.399
501.4378318786621,102.4
502.2797734737396,102.401
502.96396231651306,102.401
503.8034870624542,102.402
504.49684953689575,102.402
505.3307042121887,102.403
506.00846552848816,102.403
506.85735607147217,102.404
507.53516364097595,102.404
508.3888819217682,102.405
509.056432723999,102.405
509.91373658180237,102.406
510.5818598270416,102.406
511.4340252876282,102.407
512.0993936061859,102.407
512.9504783153534,102.408
513.6117033958435,102.408
514.4788863658905,102.409
515.1417467594147,102.409
515.9997873306274,102.41
516.6666474342346,102.41
517.5344305038452,102.411
518.1844673156738,102.411
519.0578484535217,102.411
519.7064402103424,102.412
520.5760705471039,102.412
521.2254531383514,102.413
522.0943834781647,102.413
522.7483613491058,102.413
523.6189413070679,102.414
524.2751853466034,102.415
525.1422102451324,102.415
525.8035435676575,102.415
526.6553637981415,102.416
527.328366279602,102.416
528.1799750328064,102.417
528.8450343608856,102.417
529.709967136383,102.418
530.3763704299927,102.418
531.2297229766846,102.419
531.8989109992981,102.419
532.757878780365,102.42
533.4236526489258,102.421
534.2929892539978,102.421
534.9468696117401,102.421
535.818932056427,102.422
536.4734003543854,102.422
537.3397719860077,102.423
537.996179819107,102.424
538.8621914386749,102.424
539.5162079334259,102.425
540.3870768547058,102.426
541.0456583499908,102.426
541.9061243534088,102.427
542.573545217514,102.427
543.5659728050232,102.428
544.1000173091888,102.428
545.1021890640259,102.429
545.6133003234863,102.43
546.6319057941437,102.431
547.1519236564636,102.431
548.1463079452515,102.432
548.6730918884277,102.433
549.6757206916809,102.434
550.1935877799988,102.434
551.2063148021698,102.435
551.7211544513702,102.435
552.7291440963745,102.436
553.2443654537201,102.437
554.2499778270721,102.438
554.7664847373962,102.438
555.7750329971313,102.439
556.2833795547485,102.439
557.3049929141998,102.44
557.8154509067535,102.441
558.8232340812683,102.441
559.3364357948303,102.442
560.3482613563538,102.442
560.864339351654,102.443
561.8802258968353,102.443
562.3943259716034,102.444
563.40220952034,102.445
563.912661075592,102.445
564.9150679111481,102.446
565.4288375377655,102.446
566.4361281394958,102.447
566.9518456459045,102.447
567.956472158432,102.448
568.4701931476593,102.448
569.4772107601166,102.449
569.9929800033569,102.449
570.9960126876831,102.45
571.5097455978394,102.45
572.5172085762024,102.451
573.0361545085907,102.451
574.0433557033539,102.452
574.5534296035767,102.452
575.5624628067017,102.452
576.0763354301453,102.452
577.0850710868835,102.453
577.6037125587463,102.453
578.6221034526825,102.454
579.1433439254761,102.454
580.1569020748138,102.455
580.6666541099548,102.455
581.6766192913055,102.455
582.1913602352142,102.456
583.2003426551819,102.456
583.718168258667,102.456
584.7294347286224,102.457
585.2401080131531,102.457
586.2412624359131,102.458
586.7512855529785,102.458
587.7588186264038,102.458
588.2713329792023,102.459
589.2802276611328,102.459
589.7931635379791,102.46
590.8046824932098,102.46
591.31520652771,102.461
592.3239676952362,102.461
592.84636926651,102.461
593.8679032325745,102.462
594.3811945915222,102.462
595.3899095058441,102.463
595.9088006019592,102.463
596.8992695808411,102.464
597.4292140007019,102.464
598.4334630966187,102.464
598.952303647995,102.465
599.9479801654816,102.465
600.4813106060028,102.465
601.4763014316559,102.466
602.0065388679504,102.466
603.0051600933075,102.467
603.678332567215,102.467
604.5368642807007,102.467
605.2063760757446,102.468
606.0632884502411,102.469
606.7319989204407,102.469
607.5860850811005,102.469
608.2505557537079,102.47
609.1055679321289,102.47
609.7785029411316,102.471
610.6353404521942,102.472
611.3128604888916,102.472
612.1487724781036,102.473
612.830048084259,102.473
613.6688168048859,102.473
614.3513238430023,102.474
615.1916589736938,102.475
615.8793511390686,102.475
616.7167401313782,102.476
617.3959920406342,102.476
618.2292938232422,102.477
618.9223155975342,102.478
619.7440767288208,102.478
620.4389691352844,102.479
621.2634813785553,102.479
621.9654219150543,102.48
622.7883849143982,102.481
623.486394405365,102.481
624.3130033016205,102.482
625.0132873058319,102.482
625.8311109542847,102.483
626.5264356136322,102.483
627.3442196846008,102.484
628.0546333789825,102.485
628.8625435829163,102.485
629.5788815021515,102.485
630.383229970932,102.486
631.0930786132812,102.486
631.9157264232635,102.487
632.624064207077,102.487
633.431515455246,102.488
634.144962310791,102.488
634.9491448402405,102.488
635.6650273799896,102.489
636.4661781787872,102.489
637.197431564331,102.489
637.9913144111633,102.49
638.730486869812,102.49
639.519012928009,102.49
640.2500958442688,102.491
641.0453131198883,102.491
641.7941420078278,102.491
642.5753128528595,102.491
643.3253433704376,102.492
644.1028611660004,102.492
644.8527302742004,102.492
645.6327142715454,102.492
646.3793022632599,102.492
647.1639523506165,102.492
647.9077115058899,102.493
648.6894118785858,102.493
649.4262375831604,102.493
650.2170088291168,102.493
650.9477944374084,102.493
651.7391769886017,102.494
652.4682354927063,102.494
653.2677006721497,102.494
653.9952569007874,102.494
654.7913913726807,102.495
655.5239725112915,102.495
656.3183169364929,102.495
657.052992105484,102.496
657.844179391861,102.496
658.5713865756989,102.496
659.3576364517212,102.496
660.0944912433624,102.497
660.882073879242,102.497
661.6161170005798,102.497
662.4121506214142,102.498
663.1450068950653,102.498
664.0663237571716,102.498
664.67360663414,102.499
665.592310667038,102.499
666.1975090503693,102.499
667.103385925293,102.5
667.7252447605133,102.5
668.6298809051514,102.501
669.2538487911224,102.501
670.1570053100586,102.502
670.7822985649109,102.502
671.6895399093628,102.502
672.3142590522766,102.503
673.219575881958,102.503
673.8445131778717,102.503
674.7423143386841,102.504
675.3693664073944,102.504
676.2732238769531,102.505
676.899777173996,102.505
677.8072898387909,102.506
678.4319515228271,102.506
679.3393588066101,102.506
679.9671070575714,102.507
680.8731462955475,102.507
681.4920058250427,102.507
682.3969144821167,102.508
683.0193288326263,102.508
683.9193637371063,102.509
684.5441071987152,102.509
685.4430475234985,102.509
686.0610411167145,102.509
686.9613492488861,102.51
687.5820004940033,102.51
688.4768507480621,102.51
689.1110918521881,102.511
689.9922020435333,102.511
690.6309406757355,102.511
691.5107772350311,102.512
692.150050163269,102.512
693.0358593463898,102.512
693.6736068725586,102.513
694.5603978633881,102.513
695.198707818985,102.513
696.0796301364899,102.514
696.7112424373627,102.514
697.592214345932,102.514
698.2330207824707,102.514
699.113626241684,102.515
699.7513086795807,102.515
700.6352970600128,102.515
701.2751107215881,102.516
702.1644883155823,102.516
702.8013484477997,102.517
703.6904790401459,102.517
704.325597524643,102.517
705.2111160755157,102.517
705.8527274131775,102.518
706.7395975589752,102.518
707.3775434494019,102.518
708.2696204185486,102.518
708.9137849807739,102.519
709.8026463985443,102.519
710.441887140274,102.519
711.3293166160583,102.52
711.9615178108215,102.52
712.8491160869598,102.521
713.4841344356537,102.521
714.3643462657928,102.521
715.0002768039703,102.521
715.8883709907532,102.522
716.5275511741638,102.522
717.417722940445,102.522
718.0563650131226,102.523
718.9463753700256,102.523
719.5853378772736,102.523
720.4796555042267,102.524
721.0947186946869,102.524
722.0052173137665,102.525
722.6262383460999,102.525
723.5290801525116,102.526
724.3073205947876,102.526
725.0547485351562,102.527
725.8349735736847,102.527
726.5778341293335,102.528
727.3529832363129,102.528
728.0981686115265,102.528
728.8711318969727,102.529
729.6109392642975,102.529
730.3884840011597,102.53
731.1289577484131,102.53
731.9079847335815,102.531
732.6512773036957,102.531
733.4252805709839,102.532
734.1649026870728,102.532
734.9531378746033,102.533
735.6849303245544,102.533
736.4723114967346,102.534
737.2159559726715,102.534
737.9959664344788,102.534
738.7407426834106,102.535
739.5154852867126,102.535
740.2582695484161,102.535
741.0418903827667,102.536
741.7819666862488,102.536
742.5709624290466,102.537
743.3127472400665,102.537
744.0930736064911,102.538
744.8475544452667,102.538
745.6052646636963,102.539
746.3589448928833,102.539
747.1212182044983,102.54
747.8790645599365,102.54
748.6339132785797,102.541
749.4123487472534,102.541
750.1566116809845,102.542
750.9301719665527,102.542
751.67267537117,102.542
752.4568083286285,102.543
753.2038006782532,102.543
753.9800934791565,102.544
754.7282106876373,102.544
755.5131092071533,102.545
756.2604477405548,102.545
757.0361597537994,102.546
757.7789449691772,102.546
758.5569152832031,102.546
759.3036589622498,102.547
760.0929191112518,102.547
760.8216500282288,102.548
761.6052565574646,102.548
762.3455550670624,102.548
763.1200551986694,102.549
763.8654215335846,102.549
764.6363501548767,102.55
765.3994927406311,102.55
766.1620378494263,102.551
766.9219574928284,102.551
767.6846876144409,102.552
768.4455082416534,102.552
769.2060911655426,102.552
769.9647827148438,102.553
770.7291824817657,102.553
771.4989845752716,102.554
772.2588391304016,102.555
773.0152592658997,102.555
773.7897961139679,102.555
774.5292842388153,102.556
775.3199045658112,102.557
776.0510900020599,102.557
776.8384575843811,102.558
777.568165063858,102.558
778.3561880588531,102.558
779.0878462791443,102.559
779.8824837207794,102.56
780.60986495018,102.56
781.4025151729584,102.561
782.1372125148773,102.561
782.9320621490479,102.562
783.669075012207,102.562
784.6074848175049,102.563
785.1961185932159,102.563
786.1259095668793,102.563
786.7136170864105,102.564
787.6423790454865,102.565
788.237163066864,102.565
789.1712331771851,102.565
789.7579343318939,102.566
790.6996777057648,102.566
791.2868099212646,102.567
792.2162373065948,102.567
792.8138494491577,102.568
793.7523937225342,102.568
794.3420126438141,102.569
795.2722158432007,102.569
795.8594048023224,102.569
796.7974388599396,102.57
797.3841662406921,102.57
798.3122704029083,102.571
798.9025037288666,102.571
799.8324618339539,102.571
800.4246196746826,102.572
801.3532221317291,102.572
801.941011428833,102.573
802.8851273059845,102.573
803.4556467533112,102.573
804.4045603275299,102.574
804.9775931835175,102.574
805.926515340805,102.574
806.5049257278442,102.574
807.4549119472504,102.575
808.0251934528351,102.575
808.9881460666656,102.575
809.543675661087,102.576
810.5177917480469,102.576
811.0584161281586,102.576
812.036548614502,102.577
812.5772986412048,102.577
813.5555367469788,102.577
814.0945296287537,102.577
815.0888383388519,102.578
815.6201436519623,102.578
816.6087987422943,102.578
817.1541137695312,102.579
818.1270458698273,102.579
818.6661801338196,102.579
819.6428439617157,102.58
820.1887621879578,102.58
821.1632487773895,102.58
821.7052657604218,102.58
822.6939277648926,102.581
823.2476468086243,102.581
824.2313055992126,102.581
824.7703278064728,102.581
825.7611832618713,102.582
826.2903919219971,102.582
827.2802205085754,102.582
827.8073616027832,102.582
828.8014359474182,102.583
829.3268349170685,102.583
830.3327293395996,102.583
830.852062702179,102.583
831.855185508728,102.584
832.3680005073547,102.584
833.3789503574371,102.584
833.8942070007324,102.585
834.8942306041718,102.585
835.4091010093689,102.585
836.4262294769287,102.586
836.9423153400421,102.585
837.9442012310028,102.586
838.4584448337555,102.586
839.4638540744781,102.586
839.9832758903503,102.587
840.9995493888855,102.587
841.5127086639404,102.587
842.5171508789062,102.587
843.0332138538361,102.587
844.0301957130432,102.588
844.6854465007782,102.588
845.5536518096924,102.588
846.2035226821899,102.588
847.0839643478394,102.588
847.717826128006,102.589
848.6002581119537,102.589
849.2348001003265,102.589
850.1182653903961,102.589
850.7522330284119,102.589
851.6353776454926,102.59
852.2852280139923,102.59
853.1538145542145,102.59
853.8033065795898,102.59
854.6862225532532,102.591
855.3474977016449,102.591
856.208265542984,102.591
856.8718807697296,102.591
857.724301815033,102.591
858.3920345306396,102.592
859.2427325248718,102.592
859.9149210453033,102.592
860.7608668804169,102.593
861.4477822780609,102.593
862.2809729576111,102.593
862.9766154289246,102.593
863.799595117569,102.594
864.4969277381897,102.594
865.3172409534454,102.595
866.0166549682617,102.595
866.8354687690735,102.596
867.5512037277222,102.596
868.3543100357056,102.596
869.0791234970093,102.596
869.8766462802887,102.597
870.6023244857788,102.597
871.3910958766937,102.598
872.1206126213074,102.598
872.9126977920532,102.599
873.6370565891266,102.599
874.4436521530151,102.6
875.1552135944366,102.6
875.9579873085022,102.601
876.6821181774139,102.601
877.4756007194519,102.602
878.2088804244995,102.602
879.003457069397,102.603
879.7301642894745,102.603
880.5260016918182,102.604
881.2654831409454,102.604
882.0586557388306,102.605
882.7913365364075,102.605
883.5833780765533,102.606
884.3187348842621,102.606
885.1101176738739,102.606
885.8383591175079,102.607
886.6360538005829,102.607
887.3735897541046,102.608
888.1619207859039,102.608
888.9044644832611,102.609
889.6911792755127,102.609
890.4202935695648,102.61
891.2120015621185,102.61
891.9451823234558,102.61
892.7362923622131,102.611
893.4691362380981,102.611
894.2739882469177,102.612
894.9941182136536,102.612
895.7973780632019,102.612
896.5123627185822,102.612
897.322244644165,102.613
898.0387749671936,102.614
898.8497459888458,102.613
899.5651631355286,102.614
900.3801288604736,102.614
901.1028673648834,102.614
901.898939371109,102.615
902.634494304657,102.615
903.4323098659515,102.615
904.1665978431702,102.616
905.092178106308,102.616
905.6850409507751,102.617
906.6146004199982,102.617
907.2048444747925,102.617
908.1292638778687,102.617
908.7329683303833,102.618
909.6461453437805,102.618
910.2549374103546,102.618
911.1746304035187,102.619
911.7829432487488,102.619
912.6999547481537,102.619
913.3100106716156,102.619
914.2247452735901,102.62
914.8304696083069,102.62
915.752415895462,102.621
916.3600118160248,102.621
917.2752952575684,102.621
917.8824148178101,102.622
918.7948575019836,102.622
919.4009368419647,102.622
920.3156991004944,102.623
920.9236929416656,102.623
921.836407661438,102.623
922.4450867176056,102.624
923.3613312244415,102.624
923.9667856693268,102.624
924.8778374195099,102.624
925.4786610603333,102.625
926.4115946292877,102.625
926.9998984336853,102.625
927.932784318924,102.625
928.5159108638763,102.625
929.4492332935333,102.626
930.0370645523071,102.626
930.9677033424377,102.626
931.5557010173798,102.626
932.4902465343475,102.627
933.083996295929,102.627
934.0144548416138,102.628
934.6059112548828,102.627
935.5395321846008,102.628
936.130128622055,102.628
937.0561797618866,102.629
937.6385853290558,102.629
938.589950799942,102.629
939.158132314682,102.629
940.1147320270538,102.629
940.6695683002472,102.63
941.6323862075806,102.63
942.185239315033,102.63
943.1534910202026,102.631
943.7102310657501,102.631
944.6696395874023,102.631
945.228321313858,102.632
946.2009582519531,102.632
946.7619931697845,102.632
947.7321302890778,102.632
948.2930438518524,102.632
949.2547676563263,102.633
949.8179850578308,102.633
950.7857668399811,102.634
951.3471162319183,102.634
952.3142383098602,102.634
952.8744306564331,102.634
953.8389899730682,102.635
954.3972210884094,102.635
955.3590838909149,102.635
955.9164423942566,102.635
956.876321554184,102.636
957.4320092201233,102.636
958.3903660774231,102.637
958.9477202892303,102.637
959.9057104587555,102.637
960.4755401611328,102.637
961.4350702762604,102.638
961.9942517280579,102.638
962.9532370567322,102.639
963.5237603187561,102.639
964.4821333885193,102.639
965.261296749115,102.64
966.0125243663788,102.64
966.7958920001984,102.64
967.5501344203949,102.64
968.3260583877563,102.641
969.0709731578827,102.641
969.8448185920715,102.641
970.5899083614349,102.641
971.3651025295258,102.641
972.109246969223,102.642
972.8866281509399,102.642
973.6331837177277,102.642
974.408361196518,102.642
975.1562922000885,102.642
975.9291832447052,102.643
976.6709427833557,102.643
977.4596750736237,102.643
978.2064125537872,102.643
978.9803626537323,102.644
979.7223925590515,102.644
980.4981501102448,102.643
981.241721868515,102.644
982.0189363956451,102.644
982.7603852748871,102.644
983.5358853340149,102.644
984.2855422496796,102.644
985.067601442337,102.644
985.7981853485107,102.644
986.5883748531342,102.644
987.3175718784332,102.644
988.1100697517395,102.644
988.8363974094391,102.644
989.6282851696014,102.644
990.3596179485321,102.644
991.1465981006622,102.644
991.8991348743439,102.644
992.6708924770355,102.644
993.4112100601196,102.644
994.2016746997833,102.644
994.9374039173126,102.644
995.7422294616699,102.644
996.4563820362091,102.644
997.2660908699036,102.644
997.9846415519714,102.644
998.7929058074951,102.644
999.5055050849915,102.644
1000.3052051067352,102.644
1001.0327093601227,102.644
1001.8205180168152,102.644
1002.5602612495422,102.644
1003.3557600975037,102.644
1004.0819363594055,102.644
1004.8691623210907,102.645
1005.6084921360016,102.644
1006.4035155773163,102.645
1007.1280109882355,102.645
1007.9312860965729,102.645
1008.6613078117371,102.645
1009.492351770401,102.645
1010.1852180957794,102.645
1011.0050537586212,102.645
1011.7115247249603,102.645
1012.5358808040619,102.645
1013.2335271835327,102.645
1014.0515697002411,102.645
1014.7650463581085,102.645
1015.5683872699738,102.645
1016.290225982666,102.645
1017.1061294078827,102.645
1017.8043351173401,102.646
1018.6273312568665,102.645
1019.3283414840698,102.645
1020.153904914856,102.645
1020.8521831035614,102.646
1021.6809551715851,102.646
1022.3875319957733,102.646
1023.2013568878174,102.646
1023.9126369953156,102.646
1024.7263226509094,102.646
1025.5759773254395,102.646
1026.2591667175293,102.645
1027.0984036922455,102.646
1027.778987646103,102.645
1028.6237375736237,102.646
1029.3051133155823,102.646
1030.142885684967,102.645
1030.82919383049,102.645
1031.668389081955,102.645
1032.3526005744934,102.646
1033.195979833603,102.646
1033.8782334327698,102.645
1034.7144844532013,102.645
1035.404145002365,102.645
1036.2403979301453,102.645
1036.9287073612213,102.645
1037.7680497169495,102.645
1038.4554362297058,102.645
1039.2958886623383,102.645
1039.977063179016,102.645
1040.8161880970001,102.645
1041.5029773712158,102.645
1042.3467409610748,102.645
1043.0314011573792,102.644
1043.8726201057434,102.645
1044.5592291355133,102.644
1045.4023020267487,102.644
1046.086688041687,102.645
1046.9296905994415,102.645
1047.6129512786865,102.644
1048.4542932510376,102.644
1049.1377770900726,102.645
1049.9694690704346,102.645
1050.6615595817566,102.645
1051.4941844940186,102.645
1052.1801273822784,102.645
1053.0153167247772,102.645
1053.7034661769867,102.645
1054.5430796146393,102.645
1055.2238025665283,102.645
1056.065087556839,102.645
1056.753483057022,102.646
1057.5914578437805,102.646
1058.275869846344,102.646
1059.1229627132416,102.646
1059.7890377044678,102.646
1060.6368172168732,102.646
1061.3190727233887,102.647
1062.155311346054,102.646
1062.8497114181519,102.647
1063.6823959350586,102.647
1064.3796257972717,102.647
1065.197804927826,102.648
1065.904289484024,102.648
1066.7206876277924,102.648
1067.4312074184418,102.648
1068.241670846939,102.648
1068.9521987438202,102.648
1069.7613468170166,102.649
1070.4703271389008,102.649
1071.2811682224274,102.649
1071.9983472824097,102.649
1072.8095452785492,102.649
1073.5247523784637,102.65
1074.3402891159058,102.65
1075.0586757659912,102.65
1075.8673994541168,102.65
1076.585021018982,102.651
1077.3925437927246,102.651
1078.1311316490173,102.651
1078.923645734787,102.651
1079.6552085876465,102.651
1080.4472479820251,102.652
1081.172269821167,102.652
1081.960584640503,102.652
1082.686378955841,102.652
1083.4746849536896,102.653
1084.2018978595734,102.652
1084.9932055473328,102.653
1085.8952069282532,102.653
1086.5148549079895,102.653
1087.4313023090363,102.653
1088.0390837192535,102.654
1088.952960729599,102.654
1089.555982351303,102.654
1090.4697964191437,102.654
1091.0746245384216,102.654
1091.992275238037,102.655
1092.5971584320068,102.655
1093.5074965953827,102.655
1094.1260960102081,102.656
1095.0441646575928,102.656
1095.6470563411713,102.656
1096.562864780426,102.656
1097.1681959629059,102.657
1098.077973127365,102.657
1098.6849267482758,102.657
1099.600440979004,102.657
1100.2063727378845,102.658
1101.1156339645386,102.658
1101.734176158905,102.658
1102.6356618404388,102.659
1103.2583577632904,102.659
1104.1530594825745,102.659
1104.7901074886322,102.659
1105.6834228038788,102.66
1106.318000793457,102.66
1107.1977982521057,102.66
1107.8447365760803,102.66
1108.7288813591003,102.661
1109.3637881278992,102.661
1110.2630820274353,102.661
1110.8831498622894,102.661
1111.787026643753,102.661
1112.40993142128,102.661
1113.311847448349,102.662
1113.9295313358307,102.662
1114.8274805545807,102.662
1115.4463539123535,102.662
1116.3452398777008,102.662
1116.9663541316986,102.662
1117.8610599040985,102.663
1118.4831862449646,102.663
1119.3797781467438,102.663
1120.005880355835,102.663
1120.9060595035553,102.663
1121.5244853496552,102.663
1122.4359638690948,102.663
1123.0556800365448,102.663
1123.9538741111755,102.664
1124.5715470314026,102.664
1125.4827485084534,102.664
1126.0875318050385,102.664
1126.996862411499,102.664
1127.6158075332642,102.664
1128.527957201004,102.664
1129.1492140293121,102.664
1130.0481662750244,102.665
1130.666190624237,102.665
1131.5654029846191,102.665
1132.1824786663055,102.665
1133.0893487930298,102.665
1133.7111537456512,102.665
1134.6130537986755,102.665
1135.2358083724976,102.665
1136.1361696720123,102.665
1136.7551708221436,102.665
1137.6585471630096,102.666
1138.2795827388763,102.665
1139.1810855865479,102.666
1139.8040046691895,102.666
1140.7133758068085,102.666
1141.3363075256348,102.666
1142.2423768043518,102.666
1142.8660583496094,102.666
1143.7677555084229,102.667
1144.3872787952423,102.667
1145.2882781028748,102.667
1146.043256521225,102.667
1146.7971184253693,102.667
1147.5742790699005,102.667
1148.3191125392914,102.667
1149.0984308719635,102.667
1149.847853422165,102.667
1150.621054649353,102.668
1151.3766236305237,102.668
1152.1480984687805,102.668
1152.892518043518,102.668
1153.671189069748,102.669
1154.4128377437592,102.669
1155.2002320289612,102.669
1155.9449021816254,102.669
1156.7197754383087,102.669
1157.4739389419556,102.67
1158.2450618743896,102.67
1159.0051572322845,102.67
1159.7619335651398,102.67
1160.523577451706,102.671
1161.281619310379,102.671
1162.0448682308197,102.671
1162.804104089737,102.671
1163.5611975193024,102.672
1164.3199789524078,102.672
1165.0933153629303,102.672
1165.8363752365112,102.672
1166.6031544208527,102.673
1167.357545375824,102.673
1168.1326167583466,102.673
1168.8776185512543,102.674
1169.6632752418518,102.674
1170.4185132980347,102.674
1171.2059390544891,102.675
1171.9397358894348,102.675
1172.7280333042145,102.675
1173.4701707363129,102.675
1174.2448501586914,102.676
1174.9872980117798,102.676
1175.773875951767,102.676
1176.5130863189697,102.676
1177.3038220405579,102.677
1178.0412855148315,102.677
1178.826916694641,102.677
1179.5541207790375,102.677
1180.3399348258972,102.678
1181.068986415863,102.678
1181.8619525432587,102.678
1182.597425699234,102.678
1183.4000730514526,102.678
1184.1283128261566,102.679
1184.922455072403,102.679
1185.651272535324,102.679
1186.4396951198578,102.679
1187.1716725826263,102.679
1187.9589819908142,102.68
1188.7009935379028,102.68
1189.4992957115173,102.68
1190.2276554107666,102.68
1191.0424008369446,102.68
1191.7572903633118,102.68
1192.5636138916016,102.681
1193.2815608978271,102.681
1194.084291934967,102.681
1194.799320936203,102.681
1195.6052782535553,102.681
1196.3209249973297,102.682
1197.1293051242828,102.682
1197.842383146286,102.682
1198.6441497802734,102.682
1199.3754968643188,102.682
1200.164214849472,102.682
1200.9070527553558,102.683
1201.6844820976257,102.683
1202.4401416778564,102.683
1203.2178363800049,102.683
1203.9626097679138,102.683
1204.7384777069092,102.684
1205.484928369522,102.684
1206.4439778327942,102.684
1206.9970924854279,102.685
1207.9608390331268,102.685
1208.528511762619,102.685
1209.4863691329956,102.686
1210.0443704128265,102.686
1211.0046572685242,102.686
1211.5612823963165,102.686
1212.5190041065216,102.686
1213.0793068408966,102.687
1214.0344059467316,102.687
1214.606901884079,102.688
1215.5549883842468,102.688
1216.1252596378326,102.689
1217.0734868049622,102.689
1217.6516275405884,102.689
1218.5984172821045,102.689
1219.1728148460388,102.69
1220.1170365810394,102.69
1220.6897513866425,102.69
1221.6384358406067,102.691
1222.2162516117096,102.691
1223.1653423309326,102.691
1223.741352558136,102.692
1224.6940443515778,102.692
1225.2684752941132,102.693
1226.2120578289032,102.693
1226.7839922904968,102.694
1227.7323937416077,102.694
1228.3070194721222,102.694
1229.2522132396698,102.695
1229.823825120926,102.695
1230.7708237171173,102.695
1231.3443336486816,102.696
1232.2864208221436,102.696
1232.8731141090393,102.697
1233.818951368332,102.697
1234.4024171829224,102.697
1235.3469200134277,102.698
1235.9254875183105,102.698
1236.8690905570984,102.699
1237.4521169662476,102.699
1238.4112439155579,102.699
1238.9973237514496,102.699
1239.9401071071625,102.7
1240.5296819210052,102.7
1241.4572014808655,102.701
1242.046201467514,102.701
1242.974349975586,102.701
1243.5589754581451,102.702
1244.5019147396088,102.702
1245.0748326778412,102.702
1246.0268635749817,102.703
1246.60431265831,102.703
1247.5545074939728,102.704
1248.1280498504639,102.704
1249.0754215717316,102.704
1249.650991678238,102.705
1250.6047208309174,102.705
1251.1880056858063,102.705
1252.1342043876648,102.706
1252.7204236984253,102.706
1253.6664679050446,102.706
1254.237948179245,102.706
1255.2039678096771,102.707
1255.7615222930908,102.707
1256.7218804359436,102.708
1257.2811019420624,102.708
1258.2431755065918,102.708
1258.8013830184937,102.708
1259.757530450821,102.709
1260.3188259601593,102.709
1261.2800137996674,102.709
1261.8413708209991,102.71
1262.8040370941162,102.71
1263.3659732341766,102.71
1264.338048696518,102.711
1264.8822298049927,102.71
1265.864051580429,102.711
1266.5381262302399,102.711
1267.3931612968445,102.712
1268.0602550506592,102.712
1268.9073853492737,102.712
1269.5782313346863,102.713
1270.4254126548767,102.713
1271.1080610752106,102.713
1271.944338798523,102.713
1272.6321513652802,102.714
1273.4682395458221,102.714
1274.151934146881,102.714
1274.9882118701935,102.715
1275.6667392253876,102.715
1276.518904209137,102.715
1277.1826429367065,102.715
1278.0321116447449,102.716
1278.7055413722992,102.716
1279.555320262909,102.716
1280.2201771736145,102.717
1281.0711929798126,102.717
1281.742148399353,102.717
1282.6104724407196,102.717
1283.27401304245,102.718
1284.148797750473,102.719
1284.8050644397736,102.719
1285.6709501743317,102.719
1286.3216660022736,102.719
1287.1870698928833,102.72
1287.8388118743896,102.72
1288.7176842689514,102.72
1289.3536217212677,102.72
1290.2441849708557,102.721
1290.8808586597443,102.721
1291.760078907013,102.721
1292.3941888809204,102.722
1293.2810249328613,102.722
1293.9131977558136,102.722
1294.799019575119,102.722
1295.4353005886078,102.723
1296.3162813186646,102.723
1296.9580919742584,102.723
1297.8397407531738,102.724
1298.4783947467804,102.724
1299.369057416916,102.724
1300.001387834549,102.725
1300.8922114372253,102.725
1301.5285303592682,102.725
1302.4084060192108,102.726
1303.0485110282898,102.726
1303.935310125351,102.727
1304.5725629329681,102.727
1305.4571385383606,102.727
1306.0952560901642,102.727
1306.9751195907593,102.728
1307.6145482063293,102.728
1308.5033180713654,102.728
1309.142478942871,102.729
1310.0267748832703,102.73
1310.66752743721,102.729
1311.5548884868622,102.73
1312.1912529468536,102.73
1313.0817594528198,102.73
1313.722293138504,102.73
1314.6122970581055,102.731
1315.2513773441315,102.731
1316.1428430080414,102.731
1316.7785904407501,102.732
1317.6727132797241,102.732
1318.3020253181458,102.732
1319.1919522285461,102.732
1319.8306460380554,102.733
1320.7193710803986,102.733
1321.355895280838,102.733
1322.2461738586426,102.733
1322.8809428215027,102.734
1323.7710947990417,102.734
1324.403468132019,102.734
1325.3025052547455,102.734
1325.922922372818,102.735
1327.018104314804,102.735
1327.5435180664062,102.735
1328.5404646396637,102.735
1329.0668609142303,102.736
1330.0563290119171,102.735
1330.583838224411,102.736
1331.5770275592804,102.736
1332.1010785102844,102.736
1333.0932290554047,102.736
1333.622566461563,102.736
1334.618213891983,102.736
1335.1451601982117,102.737
1336.1393957138062,102.737
1336.6649792194366,102.737
1337.6612386703491,102.737
1338.1847448349,102.737
1339.1751754283905,102.737
1339.7066102027893,102.737
1340.6951007843018,102.737
1341.2183084487915,102.738
1342.211170911789,102.738
1342.7424535751343,102.738
1343.744029045105,102.738
1344.2589666843414,102.738
1345.2721190452576,102.738
1345.785897731781,102.738
1346.7973012924194,102.739
1347.3174612522125,102.738
1348.323147535324,102.739
1348.8328795433044,102.738
1349.8373515605927,102.739
1350.351218700409,102.739
1351.36142039299,102.739
1351.8752117156982,102.739
1352.880977153778,102.738
1353.3955328464508,102.739
1354.4029142856598,102.738
1354.9182381629944,102.739
1355.9329898357391,102.739
1356.4495151042938,102.738
1357.4522604942322,102.738
1357.9702551364899,102.738
1358.9781701564789,102.738
1359.4901719093323,102.738
1360.4902052879333,102.738
1361.0005016326904,102.738
1362.0066885948181,102.738
1362.52095413208,102.738
1363.52805685997,102.738
1364.0489616394043,102.737
1365.0553562641144,102.737
1365.574415922165,102.737
1366.5822336673737,102.737
1367.0952734947205,102.737
1368.1113505363464,102.737
1368.6293156147003,102.736
1369.6308789253235,102.736
1370.1514637470245,102.736
1371.1562490463257,102.736
1371.6679382324219,102.736
1372.6691732406616,102.736
1373.1847717761993,102.736
1374.1917579174042,102.735
1374.7090792655945,102.735
1375.7319300174713,102.735
1376.2548153400421,102.735
1377.2532165050507,102.735
1377.7802011966705,102.735
1378.7796177864075,102.734
1379.3074264526367,102.734
1380.2999160289764,102.734
1380.827704668045,102.734
1381.8237118721008,102.734
1382.3539636135101,102.734
1383.3478000164032,102.734
1383.8739278316498,102.734
1384.8682372570038,102.734
1385.3992524147034,102.734
1386.3963758945465,102.733
1387.0813074111938,102.733
1387.921314716339,102.733
1388.603291273117,102.733
1389.4449472427368,102.733
1390.1266391277313,102.733
1390.9649114608765,102.733
1391.6488947868347,102.733
1392.4891822338104,102.733
1393.1685507297516,102.733
1394.0186722278595,102.733
1394.6829915046692,102.733
1395.5401747226715,102.732
1396.2093527317047,102.732
1397.0601885318756,102.732
1397.7291133403778,102.733
1398.5786559581757,102.733
1399.2423062324524,102.732
1400.0886678695679,102.732
1400.7731585502625,102.732
1401.6089990139008,102.732
1402.2942712306976,102.732
1403.1324183940887,102.732
1403.8149781227112,102.732
1404.6545119285583,102.731
1405.3376863002777,102.732
1406.1765866279602,102.731
1406.85862326622,102.731
1407.7023124694824,102.731
1408.3854892253876,102.731
1409.2300460338593,102.731
1409.917927980423,102.731
1410.7535319328308,102.731
1411.4350209236145,102.731
1412.279397726059,102.731
1412.9652338027954,102.731
1413.8020901679993,102.731
1414.4804646968842,102.731
1415.3321051597595,102.731
1415.9980127811432,102.73
1416.8536825180054,102.731
1417.520989894867,102.731
1418.3683712482452,102.73
1419.0449895858765,102.73
1419.8861730098724,102.73
1420.5631968975067,102.73
1421.4236958026886,102.73
1422.087768793106,102.73
1422.9422225952148,102.73
1423.620260477066,102.73
1424.456265926361,102.73
1425.1448800563812,102.729
1425.9823615550995,102.729
1426.6648535728455,102.729
1427.5013473033905,102.729
1428.1845443248749,102.729
1429.0174887180328,102.729
1429.715559720993,102.729
1430.5327396392822,102.729
1431.2563543319702,102.729
1432.0620028972626,102.729
1432.7713191509247,102.728
1433.5773866176605,102.728
1434.2921133041382,102.728
1435.100649356842,102.728
1435.8066413402557,102.728
1436.6309208869934,102.728
1437.331770658493,102.728
1438.1440043449402,102.728
1438.8579602241516,102.728
1439.664917230606,102.728
1440.3811779022217,102.728
1441.1865680217743,102.728
1441.9057929515839,102.728
1442.7085492610931,102.728
1443.4400796890259,102.729
1444.2411713600159,102.729
1444.9693672657013,102.729
1445.7717533111572,102.729
1446.49915599823,102.729
1447.4433958530426,102.729
1448.0342190265656,102.729
1448.9602382183075,102.729
1449.547209262848,102.73
1450.4781095981598,102.73
1451.0712614059448,102.73
1452.0021369457245,102.73
1452.591283082962,102.73
1453.5197944641113,102.73
1454.1081609725952,102.73
1455.0377428531647,102.731
1455.6271114349365,102.731
1456.5660626888275,102.731
1457.155753850937,102.731
1458.0954983234406,102.731
1458.6867461204529,102.731
1459.615398645401,102.732
1460.218684911728,102.731
1461.131961107254,102.732
1461.7389478683472,102.732
1462.6512534618378,102.732
1463.2546145915985,102.732
1464.1705639362335,102.732
1464.7747645378113,102.733
1465.6841588020325,102.733
1466.307343006134,102.733
1467.205811738968,102.733
1467.8259582519531,102.733
1468.7274684906006,102.733
1469.3454127311707,102.733
1470.2462191581726,102.734
1470.8639614582062,102.734
1471.7667951583862,102.734
1472.384358406067,102.735
1473.298439502716,102.735
1473.9152641296387,102.735
1474.8300635814667,102.735
1475.437402009964,102.736
1476.3506295681,102.736
1476.9563028812408,102.736
1477.881973028183,102.736
1478.486365556717,102.736
1479.4145984649658,102.737
1480.003044128418,102.736
1480.9400343894958,102.737
1481.5276188850403,102.737
1482.458087682724,102.737
1483.0464220046997,102.737
1483.983018875122,102.738
1484.571459531784,102.738
1485.503846168518,102.738
1486.0930624008179,102.738
1487.0292148590088,102.738
1487.617752313614,102.738
1488.5516879558563,102.738
1489.1366531848907,102.738
1490.0722017288208,102.739
1490.6596584320068,102.739
1491.5908505916595,102.739
1492.179340839386,102.739
1493.1060285568237,102.739
1493.712417602539,102.739
1494.6271793842316,102.739
1495.228515625,102.739
1496.149085521698,102.74
1496.7537281513214,102.74
1497.670236825943,102.74
1498.2763776779175,102.74
1499.191220998764,102.74
1499.7971289157867,102.741
1500.7082822322845,102.741
1501.321818113327,102.741
1502.234870672226,102.741
1502.8420326709747,102.741
1503.7592687606812,102.742
1504.3630201816559,102.742
1505.2813444137573,102.742
1505.8902187347412,102.742
1506.8120968341827,102.742
1507.5542056560516,102.742
1508.3384714126587,102.742
1509.070603132248,102.743
1509.8632640838623,102.743
1510.5948362350464,102.743
1511.3858625888824,102.744
1512.1101808547974,102.744
1512.9203119277954,102.744
1513.6302394866943,102.745
1514.4372658729553,102.745
1515.1445062160492,102.745
1515.9611909389496,102.745
1516.6699771881104,102.745
1517.495367050171,102.746
1518.194669008255,102.746
1519.014699459076,102.746
1519.7121114730835,102.747
1520.5391931533813,102.747
1521.2413275241852,102.747
1522.0704662799835,102.747
1522.770584344864,102.747
1523.5992591381073,102.748
1524.3058047294617,102.748
1525.1183242797852,102.748
1525.8324935436249,102.748
1526.643389225006,102.748
1527.3632609844208,102.749
1528.1790535449982,102.748
1528.8959193229675,102.749
1529.7002303600311,102.749
1530.4152376651764,102.749
1531.2163474559784,102.749
1531.9387094974518,102.749
1532.743752002716,102.749
1533.4560050964355,102.749
1534.2612671852112,102.75
1534.9796252250671,102.749
1535.788651227951,102.75
1536.499104976654,102.75
1537.3075006008148,102.75
1538.0218431949615,102.75
1538.8301112651825,102.75
1539.5433602333069,102.75
1540.3473954200745,102.75
1541.0610036849976,102.75
1541.8769104480743,102.75
1542.5859415531158,102.75
1543.4044501781464,102.75
1544.1050951480865,102.75
1544.9260230064392,102.75
1545.62335562706,102.75
1546.440444469452,102.75
1547.134333372116,102.75
1547.9654443264008,102.75
1548.6643323898315,102.75
1549.4842023849487,102.75
1550.1854031085968,102.75
1551.0090742111206,102.751
1551.70360994339,102.75
1552.5258302688599,102.75
1553.229745388031,102.751
1554.0512475967407,102.751
1554.7537109851837,102.751
1555.5751993656158,102.751
1556.2793836593628,102.751
1557.1041383743286,102.751
1557.8059170246124,102.751
1558.6239702701569,102.751
1559.3264319896698,102.752
1560.1467599868774,102.752
1560.847154378891,102.752
1561.6680643558502,102.752
1562.3684136867523,102.752
1563.1853215694427,102.752
1563.877450466156,102.752
1564.7011044025421,102.752
1565.4020085334778,102.753
1566.2249839305878,102.752
1566.922414302826,102.752
1567.8802914619446,102.753
1568.4310641288757,102.753
1569.4060506820679,102.753
1569.9520270824432,102.753
1570.935730457306,102.753
1571.4799275398254,102.753
1572.4542558193207,102.753
1573.0008244514465,102.753
1573.9759907722473,102.753
1574.5157022476196,102.754
1575.4939332008362,102.754
1576.0368902683258,102.754
1577.018389225006,102.754
1577.5697367191315,102.754
1578.5372397899628,102.754
1579.0911765098572,102.754
1580.0610575675964,102.754
1580.6165192127228,102.754
1581.5751135349274,102.754
1582.152999639511,102.754
1583.098783493042,102.755
1583.6843738555908,102.755
1584.6272556781769,102.755
1585.212944984436,102.755
1586.1523978710175,102.755
1586.7399835586548,102.755
1587.6711087226868,102.755
1588.2709102630615,102.755
1589.20121717453,102.756
1589.7926151752472,102.755
1590.7241384983063,102.755
1591.3124072551727,102.755
1592.2417359352112,102.755
1592.8301694393158,102.756
1593.75643324852,102.756
1594.34743475914,102.756
1595.2783720493317,102.756
1595.8683815002441,102.756
1596.8023416996002,102.756
1597.392106294632,102.756
1598.3153409957886,102.756
1598.9187610149384,102.756
1599.8427073955536,102.756
1600.4487841129303,102.756
1601.3593392372131,102.756
1601.9769196510315,102.756
1602.8812839984894,102.756
1603.5036780834198,102.756
1604.4086997509003,102.756
1605.0291392803192,102.756
1605.932130098343,102.756
1606.556168794632,102.756
1607.4555382728577,102.757
1608.0898551940918,102.756
1608.9960112571716,102.756
1609.6143827438354,102.757
1610.511836528778,102.756
1611.1353085041046,102.756
1612.0389513969421,102.756
1612.6618123054504,102.756
1613.5619423389435,102.756
1614.1812238693237,102.756
1615.0855679512024,102.756
1615.7097473144531,102.756
1616.6087222099304,102.756
1617.2251343727112,102.756
1618.1270713806152,102.756
1618.748241186142,102.756
1619.648232460022,102.756
1620.268803358078,102.756
1621.169355392456,102.756
1621.793482542038,102.756
1622.6937770843506,102.756
1623.315241575241,102.756
1624.2184429168701,102.756
1624.8408420085907,102.756
1625.7534108161926,102.756
1626.3612253665924,102.756
1627.2731668949127,102.756
1628.0420305728912,102.756
1628.8073916435242,102.756
1629.570999622345,102.756
1630.335375070572,102.756
1631.0968294143677,102.756
1631.858519077301,102.756
1632.6220693588257,102.756
1633.3861470222473,102.756
1634.1421871185303,102.757
1634.914493560791,102.757
1635.650273323059,102.757
1636.4359970092773,102.757
1637.1827554702759,102.757
1637.9539775848389,102.757
1638.6963243484497,102.757
1639.4713296890259,102.757
1640.2111661434174,102.757
1641.000149488449,102.757
1641.7254347801208,102.757
1642.5160489082336,102.758
1643.244141817093,102.758
1644.029937028885,102.758
1644.773896932602,102.758
1645.5516705513,102.758
1646.2952671051025,102.758
1647.072228193283,102.758
1647.8170592784882,102.758
1648.5910167694092,102.759
1649.3343288898468,102.759
1650.125811100006,102.759
1650.8538625240326,102.759
1651.639312505722,102.759
1652.3819165229797,102.76
1653.155879497528,102.76
1653.897352218628,102.76
1654.6949677467346,102.76
1655.4249155521393,102.76
1656.216692686081,102.76
1656.9492914676666,102.76
1657.7490286827087,102.761
1658.479823589325,102.761
1659.2706727981567,102.761
1659.9969563484192,102.761
1660.7914135456085,102.761
1661.5213882923126,102.761
1662.314201116562,102.762
1663.048189163208,102.762
1663.8436498641968,102.762
1664.5722262859344,102.762
1665.3632588386536,102.762
1666.0980837345123,102.762
1666.893072128296,102.762
1667.6228613853455,102.762
1668.4234554767609,102.763
1669.1555590629578,102.762
1669.9401490688324,102.763
1670.6828455924988,102.763
1671.4566309452057,102.763
1672.203201532364,102.763
1672.9821231365204,102.763
1673.7277157306671,102.763
1674.498096704483,102.763
1675.2540774345398,102.764
1676.0168642997742,102.764
1676.7770247459412,102.764
1677.5354845523834,102.764
1678.2950520515442,102.765
1679.0519452095032,102.765
1679.827975511551,102.765
1680.5701894760132,102.765
1681.33713889122,102.765
1682.0932688713074,102.765
1682.8508536815643,102.766
1683.611000776291,102.766
1684.36661362648,102.766
1685.1272857189178,102.766
1685.885159254074,102.767
1686.65545129776,102.766
1687.4177482128143,102.767
1688.335242509842,102.767
1688.9481434822083,102.767
1689.8560540676117,102.767
1690.4729630947113,102.768
1691.3781607151031,102.768
1691.9951751232147,102.768
1692.9031248092651,102.768
1693.5194058418274,102.768
1694.4209492206573,102.768
1695.0371115207672,102.769
1695.9496278762817,102.769
1696.5525090694427,102.769
1697.475356578827,102.769
1698.0766739845276,102.769
1699.001353263855,102.769
1699.6035432815552,102.769
1700.517988204956,102.77
1701.1197636127472,102.77
1702.0386502742767,102.769
1702.644324541092,102.77
1703.5697417259216,102.77
1704.1738996505737,102.77
1705.1042971611023,102.77
1705.6920902729034,102.77
1706.6290576457977,102.771
1707.2208766937256,102.77
1708.1495380401611,102.771
1708.7441010475159,102.771
1709.6779663562775,102.771
1710.2644710540771,102.771
1711.199343919754,102.771
1711.7914555072784,102.771
1712.7217700481415,102.771
1713.3114395141602,102.772
1714.240152835846,102.772
1714.832223892212,102.772
1715.766393661499,102.772
1716.3553342819214,102.772
1717.2875776290894,102.772
1717.874044418335,102.772
1718.8034541606903,102.773
1719.4023251533508,102.773
1720.3350002765656,102.773
1720.9248223304749,102.773
1721.8502986431122,102.773
1722.437831401825,102.774
1723.3729717731476,102.774
1723.9598424434662,102.774
1724.9044330120087,102.774
1725.4790086746216,102.775
1726.427497625351,102.775
1726.9975628852844,102.775
1727.9899804592133,102.776
1728.518615245819,102.776
1729.508987903595,102.776
1730.053214788437,102.777
1731.0309336185455,102.777
1731.5748989582062,102.777
1732.5532760620117,102.777
1733.0932631492615,102.777
1734.074880361557,102.778
1734.6300508975983,102.778
1735.6051993370056,102.778
1736.1619918346405,102.779
1737.1223430633545,102.779
1737.6745047569275,102.779
1738.6540315151215,102.78
1739.195395231247,102.78
1740.1752398014069,102.78
1740.718998670578,102.78
1741.6963906288147,102.78
1742.2433905601501,102.781
1743.2198951244354,102.781
1743.764057636261,102.781
1744.7419865131378,102.781
1745.2921769618988,102.782
1746.261344909668,102.782
1746.821130514145,102.782
1747.7846660614014,102.782
1748.484411239624,102.783
1749.3144659996033,102.783
1750.013248205185,102.783
1750.8364267349243,102.783
1751.5355596542358,102.784
1752.3529727458954,102.784
1753.0613734722137,102.784
1753.868502855301,102.784
1754.58327460289,102.785
1755.3862690925598,102.785
1756.0962073802948,102.785
1756.9093413352966,102.785
1757.6287343502045,102.786
1758.436232805252,102.786
1759.151662826538,102.786
1759.9521913528442,102.786
1760.6730198860168,102.786
1761.4805223941803,102.787
1762.2002260684967,102.787
1763.0085444450378,102.787
1763.7279262542725,102.787
1764.5365076065063,102.787
1765.2490139007568,102.787
1766.05521941185,102.788
1766.7691547870636,102.788
1767.5813875198364,102.788
1768.297378063202,102.788
1769.1083755493164,102.788
1769.8242182731628,102.788
1770.625863790512,102.788
1771.3530049324036,102.788
1772.136944770813,102.789
1772.8804862499237,102.788
1773.6533710956573,102.789
1774.3962666988373,102.789
1775.1753106117249,102.789
1775.918657541275,102.789
1776.6941034793854,102.789
1777.4388189315796,102.789
1778.2180840969086,102.789
1778.964187860489,102.789
1779.7381737232208,102.79
1780.4889211654663,102.789
1781.2750494480133,102.789
1782.0064413547516,102.789
1782.7944145202637,102.79
1783.5312037467957,102.79
1784.3246479034424,102.789
1785.0554938316345,102.79
1785.8410742282867,102.79
1786.5814208984375,102.79
1787.354290008545,102.789
1788.0990672111511,102.79
1788.8700535297394,102.789
1789.6133556365967,102.79
1790.3862161636353,102.789
1791.1363372802734,102.789
1791.9011325836182,102.789
1792.6594867706299,102.789
1793.4173338413239,102.789
1794.1755526065826,102.789
1794.9335234165192,102.789
1795.6984322071075,102.789
1796.4541046619415,102.789
1797.219625711441,102.789
1797.9852402210236,102.788
1798.7439634799957,102.788
1799.5089359283447,102.788
1800.2669608592987,102.788
1801.0316920280457,102.788
1801.789362668991,102.788
1802.5511043071747,102.788
1803.309173822403,102.788
1804.0629115104675,102.787
1804.8380873203278,102.788
1805.5879652500153,102.787
1806.3627469539642,102.787
1807.1049160957336,102.787
1807.8767008781433,102.787
1808.7801966667175,102.787
1809.3995242118835,102.787
1810.3020038604736,102.787
1810.9201052188873,102.787
1811.833618402481,102.787
1812.4349348545074,102.786
1813.3526039123535,102.786
1813.9694969654083,102.786
1814.8724436759949,102.786
1815.496539592743,102.786
1816.403401374817,102.786
1817.0232484340668,102.786
1817.9258797168732,102.785
1818.543157339096,102.785
1819.4462413787842,102.785
1820.0698537826538,102.785
1820.9702310562134,102.785
1821.594221830368,102.784
1822.4983615875244,102.784
1823.1202940940857,102.784
1824.0290913581848,102.784
1824.653647661209,102.784
1825.5514454841614,102.783
1826.166999578476,102.783
1827.0691874027252,102.783
1827.6919386386871,102.783
1828.5947515964508,102.783
1829.2262873649597,102.782
1830.128968000412,102.783
1830.7504620552063,102.782
1831.6471138000488,102.782
1832.2672581672668,102.782
1833.167674779892,102.782
1833.7913565635681,102.782
1834.6936614513397,102.782
1835.3139691352844,102.781
1836.2219655513763,102.782
1836.8382909297943,102.781
1837.7375512123108,102.781
1838.3581705093384,102.781
1839.2534685134888,102.781
1839.8715541362762,102.781
1840.7741491794586,102.781
1841.4031162261963,102.781
1842.3019716739655,102.781
1842.9273874759674,102.781
1843.8311433792114,102.781
1844.4534180164337,102.781
1845.3562197685242,102.781
1845.975090265274,102.781
1846.883568763733,102.781
1847.5134100914001,102.781
1848.4144432544708,102.781
1849.0373129844666,102.781
1849.935474395752,102.781
1850.5565347671509,102.781
1851.4545848369598,102.782
1852.0742053985596,102.782
1852.9801926612854,102.782
1853.608011007309,102.782
1854.504941701889,102.782
1855.1321420669556,102.782
1856.0297782421112,102.782
1856.6522035598755,102.783
1857.5583765506744,102.783
1858.1822845935822,102.783
1859.0861525535583,102.783
1859.711344242096,102.783
1860.6205670833588,102.783
1861.2479357719421,102.783
1862.1527926921844,102.783
1862.7730765342712,102.783
1863.672235250473,102.783
1864.2983446121216,102.784
1865.1891674995422,102.784
1865.8250834941864,102.784
1866.7106256484985,102.784
1867.3463644981384,102.784
1868.2261123657227,102.784
1869.0114901065826,102.784
1869.741156578064,102.784
1870.5405168533325,102.784
1871.2666599750519,102.785
1872.0623338222504,102.785
1872.7969353199005,102.785
1873.5937869548798,102.785
1874.323875427246,102.785
1875.125325202942,102.785
1875.8422501087189,102.785
1876.6596450805664,102.785
1877.3803129196167,102.785
1878.191707611084,102.785
1878.9145619869232,102.785
1879.7230052947998,102.785
1880.4411182403564,102.785
1881.2554051876068,102.785
1881.9712262153625,102.785
1882.781287431717,102.785
1883.499153137207,102.785
1884.3072845935822,102.785
1885.0314400196075,102.785
1885.8298950195312,102.785
1886.5530724525452,102.785
1887.3577086925507,102.785
1888.0741720199585,102.785
1888.8900544643402,102.785
1889.6094813346863,102.785
1890.4169549942017,102.784
1891.1349756717682,102.784
1891.9461143016815,102.784
1892.6650216579437,102.784
1893.480230331421,102.784
1894.202672958374,102.784
1895.0114207267761,102.784
1895.7281861305237,102.784
1896.5421130657196,102.784
1897.2562782764435,102.783
1898.05814909935,102.784
1898.7806987762451,102.783
1899.5869600772858,102.783
1900.297446012497,102.783
1901.1062841415405,102.783
1901.8249340057373,102.783
1902.6292974948883,102.783
1903.3400864601135,102.783
1904.1435787677765,102.783
1904.8655977249146,102.783
1905.6661629676819,102.782
1906.3872430324554,102.783
1907.1859250068665,102.782
1907.910171031952,102.782
1908.7168579101562,102.782
1909.4279115200043,102.782
1910.234001159668,102.782
1910.9482493400574,102.782
1911.7627396583557,102.782
1912.4710545539856,102.782
1913.2886748313904,102.781
1913.9958600997925,102.782
1914.8031928539276,102.782
1915.5131485462189,102.782
1916.3226687908173,102.782
1917.037276506424,102.782
1917.8503530025482,102.782
1918.5646159648895,102.782
1919.384386062622,102.782
1920.0935640335083,102.782
1920.9160776138306,102.782
1921.6184225082397,102.782
1922.437937259674,102.782
1923.132202386856,102.782
1923.9672911167145,102.782
1924.6523704528809,102.783
1925.4907541275024,102.782
1926.1741025447845,102.782
1927.0230634212494,102.782
1927.7027192115784,102.783
1928.5537796020508,102.783
1929.4946637153625,102.783
1930.0661766529083,102.783
1931.0074863433838,102.783
1931.5799152851105,102.783
1932.523993730545,102.783
1933.0982806682587,102.783
1934.038034439087,102.783
1934.626681804657,102.783
1935.5598130226135,102.783
1936.1501019001007,102.784
1937.0789229869843,102.783
1937.6650774478912,102.784
1938.5945501327515,102.784
1939.1767210960388,102.783
1940.1257302761078,102.784
1940.7042090892792,102.784
1941.6467607021332,102.784
1942.219439983368,102.784
1943.1752812862396,102.784
1943.7484514713287,102.784
1944.6939742565155,102.784
1945.267545223236,102.784
1946.2119874954224,102.784
1946.7863359451294,102.784
1947.7291440963745,102.784
1948.3042380809784,102.784
1949.249213218689,102.784
1949.8265557289124,102.784
1950.776172876358,102.784
1951.352310180664,102.784
1952.2952110767365,102.783
1952.8724811077118,102.784
1953.810198545456,102.784
1954.3994319438934,102.784
1955.326303243637,102.783
1955.9296090602875,102.784
1956.8427758216858,102.783
1957.4541261196136,102.783
1958.3662703037262,102.783
1958.9756450653076,102.783
1959.8866546154022,102.783
1960.4934039115906,102.783
1961.4163928031921,102.783
1962.0124628543854,102.783
1962.9409306049347,102.783
1963.5286722183228,102.782
1964.461127281189,102.782
1965.0515143871307,102.782
1965.9822216033936,102.782
1966.5723226070404,102.782
1967.5159139633179,102.782
1968.1103086471558,102.782
1969.0420877933502,102.782
1969.6302223205566,102.781
1970.5765697956085,102.781
1971.1488976478577,102.781
1972.0976462364197,102.781
1972.6860086917877,102.781
1973.6128859519958,102.781
1974.2266838550568,102.78
1975.134574174881,102.78
1975.7554512023926,102.781
1976.667804479599,102.78
1977.2851796150208,102.78
1978.178751707077,102.78
1978.8070781230927,102.78
1979.6991591453552,102.78
1980.3266625404358,102.78
1981.2245345115662,102.78
1981.846432209015,102.78
1982.7472939491272,102.78
1983.3674085140228,102.78
1984.2714176177979,102.779
1984.890298128128,102.78
1985.7924695014954,102.779
1986.4182233810425,102.779
1987.3221414089203,102.779
1987.951414823532,102.779
1988.8520522117615,102.779
1989.6113657951355,102.779
1990.3794276714325,102.78
1991.1440091133118,102.779
1991.9121174812317,102.779
1992.6557199954987,102.779
1993.4286375045776,102.779
1994.1721053123474,102.779
1994.9446625709534,102.779
1995.6802823543549,102.779
1996.4664244651794,102.779
1997.2122750282288,102.779
1997.993579864502,102.779
1998.7429175376892,102.779
1999.5140409469604,102.779
2000.2661628723145,102.779
2001.0422031879425,102.778
2001.7932810783386,102.779
2002.5696816444397,102.779
2003.3140196800232,102.778
2004.0905408859253,102.778
2004.8382420539856,102.778
2005.609082698822,102.778
2006.369530916214,102.778
2007.1369533538818,102.778
2007.8999245166779,102.778
2008.661348581314,102.777
2009.4318883419037,102.777
2010.1814227104187,102.777
2010.95250415802,102.777
2011.6943066120148,102.777
2012.4701204299927,102.777
2013.2156207561493,102.776
2013.9991073608398,102.777
2014.7444641590118,102.776
2015.522831439972,102.776
2016.2761063575745,102.776
2017.0560147762299,102.776
2017.8055980205536,102.776
2018.5864729881287,102.776
2019.3359813690186,102.776
2020.1119663715363,102.776
2020.8634214401245,102.776
2021.6384325027466,102.776
2022.3821823596954,102.776
2023.1603348255157,102.775
2023.9049744606018,102.775
2024.6861078739166,102.775
2025.427928686142,102.775
2026.2049164772034,102.775
2026.94211935997,102.775
2027.71884226799,102.776
2028.4598078727722,102.775
2029.235426902771,102.776
2029.98850107193,102.775
2030.7699325084686,102.775
2031.5197868347168,102.775
2032.2995007038116,102.775
2033.0448899269104,102.775
2033.8278257846832,102.775
2034.575787305832,102.775
2035.3561227321625,102.775
2036.1036524772644,102.775
2036.889589548111,102.775
2037.637692451477,102.775
2038.415606021881,102.775
2039.1644163131714,102.775
2039.9469912052155,102.775
2040.698269367218,102.775
2041.4690945148468,102.775
2042.2261893749237,102.775
2042.980479001999,102.775
2043.7493889331818,102.775
2044.504293680191,102.775
2045.2682328224182,102.775
2046.0330562591553,102.774
2046.7982518672943,102.775
2047.5642640590668,102.774
2048.325032711029,102.774
2049.089073896408,102.774
2050.0101356506348,102.774
2050.6101009845734,102.774
2051.5376279354095,102.774
2052.1292276382446,102.774
2053.0575652122498,102.774
2053.6502339839935,102.774
2054.574065685272,102.774
2055.176146507263,102.774
2056.0943398475647,102.774
2056.703025817871,102.774
2057.609272480011,102.773
2058.2294771671295,102.773
2059.12100481987,102.773
2059.7539207935333,102.773
2060.63694691658,102.773
2061.2759301662445,102.773
2062.161120891571,102.773
2062.796676158905,102.773
2063.6799442768097,102.773
2064.31524848938,102.773
2065.214236497879,102.773
2065.8337392807007,102.773
2066.734620809555,102.773
2067.3536043167114,102.773
2068.267315387726,102.773
2068.868605852127,102.773
2069.798084497452,102.773
2070.3999841213226,102.772
2071.3174681663513,102.772
2071.923954963684,102.772
2072.842973470688,102.772
2073.4440217018127,102.772
2074.356869697571,102.772
2074.963109731674,102.772
2075.8771798610687,102.772
2076.4773263931274,102.771
2077.402210712433,102.772
2078.0062725543976,102.771
2078.917937517166,102.771
2079.5231618881226,102.771
2080.4343819618225,102.771
2081.040337085724,102.771
2081.956481218338,102.771
2082.5656628608704,102.771
2083.4898970127106,102.771
2084.0966198444366,102.771
2085.015379667282,102.77
2085.6240651607513,102.771
2086.5397510528564,102.771
2087.1420192718506,102.771
2088.0555107593536,102.771
2088.6649298667908,102.771
2089.5833456516266,102.771
2090.1854362487793,102.77
2091.098239183426,102.771
2091.7038099765778,102.771
2092.6171383857727,102.771
2093.221061229706,102.771
2094.1438884735107,102.77
2094.7610261440277,102.771
2095.661609888077,102.771
2096.2785289287567,102.771
2097.1884455680847,102.771
2097.8044152259827,102.771
2098.7037501335144,102.771
2099.3198132514954,102.771
2100.2243568897247,102.771
2100.8451528549194,102.771
2101.7448806762695,102.771
2102.368495464325,102.771
2103.2695274353027,102.771
2103.8890211582184,102.771
2104.7899284362793,102.771
2105.4103248119354,102.771
2106.3131489753723,102.771
2106.930235862732,102.771
2107.8283364772797,102.771
2108.445208311081,102.771
2109.3420362472534,102.771
2110.102015018463,102.771
2110.8611376285553,102.771
2111.6265392303467,102.771
2112.394353866577,102.771
2113.1481890678406,102.771
2113.9167239665985,102.771
2114.6756341457367,102.771
2115.4360847473145,102.771
2116.200252056122,102.771
2116.9628582000732,102.771
2117.7192397117615,102.771
2118.492762565613,102.771
2119.234795331955,102.771
2120.0134954452515,102.771
2120.754728078842,102.771
2121.542773246765,102.771
2122.266586303711,102.771
2123.071296453476,102.771
2123.7889380455017,102.771
2124.591071367264,102.771
2125.3080983161926,102.771
2126.118051290512,102.771
2126.8319189548492,102.771
2127.6401324272156,102.771
2128.3571140766144,102.771
2129.1613092422485,102.771
2129.874019384384,102.771
2130.6824855804443,102.771
2131.4017684459686,102.771
2132.2117795944214,102.771
2132.925856590271,102.771
2133.7378039360046,102.771
2134.4569358825684,102.771
2135.2616078853607,102.771
2135.9814903736115,102.771
2136.7822484970093,102.771
2137.5102236270905,102.771
2138.298148393631,102.771
2139.028464794159,102.772
2139.8244156837463,102.771
2140.554353237152,102.772
2141.3519513607025,102.772
2142.0792059898376,102.772
2142.871915578842,102.772
2143.6060225963593,102.772
2144.396320104599,102.772
2145.1342420578003,102.771
2145.9223577976227,102.772
2146.6655099391937,102.772
2147.464453935623,102.772
2148.1903331279755,102.772
2148.9814014434814,102.772
2149.715440273285,102.772
2150.515725851059,102.772
2151.246873140335,102.772
2152.0369651317596,102.772
2152.7771096229553,102.772
2153.547107696533,102.772
2154.2963144779205,102.771
2155.064251422882,102.771
2155.8201627731323,102.771
2156.5950360298157,102.771
2157.34254527092,102.771
2158.1222031116486,102.771
2158.865904569626,102.771
2159.6463413238525,102.771
2160.387099981308,102.77
2161.1695930957794,102.771
2161.917056798935,102.77
2162.696356534958,102.77
2163.446414232254,102.77
2164.222886800766,102.77
2164.973037004471,102.77
2165.7522065639496,102.77
2166.502682209015,102.77
2167.282826900482,102.77
2168.0332124233246,102.77
2168.809481859207,102.769
2169.550958633423,102.769
2170.470238685608,102.769
2171.070909023285,102.769
2171.9895057678223,102.769
2172.5895161628723,102.769
2173.5097603797913,102.769
2174.1179699897766,102.768
2175.040294647217,102.768
2175.6456480026245,102.768
2176.561119556427,102.768
2177.164734363556,102.768
2178.0764260292053,102.767
2178.68297791481,102.767
2179.6058864593506,102.767
2180.2110340595245,102.767
2181.1279571056366,102.767
2181.7373616695404,102.767
2182.6592338085175,102.766
2183.2672550678253,102.766
2184.186231613159,102.766
2184.796005010605,102.766
2185.709202528,102.766
2186.315682888031,102.766
2187.231944799423,102.766
2187.832955598831,102.766
2188.7502336502075,102.765
2189.3601064682007,102.766
2190.2802200317383,102.766
2190.8901932239532,102.765
2191.8106248378754,102.765
2192.4197022914886,102.765
2193.339187145233,102.765
2193.949328660965,102.766
2194.869611263275,102.765
2195.477506875992,102.765
2196.3962376117706,102.766
2197.003002643585,102.765
2197.922098875046,102.765
2198.5297513008118,102.766
2199.4525213241577,102.765
2200.0634577274323,102.765
2200.9860157966614,102.765
2201.5902404785156,102.765
2202.5099658966064,102.766
2203.1151151657104,102.766
2204.033136367798,102.766
2204.639609336853,102.765
2205.5600283145905,102.766
2206.17253947258,102.766
2207.0914487838745,102.766
2207.699635028839,102.766
2208.619618654251,102.766
2209.229385614395,102.766
2210.147502183914,102.766
2210.7530031204224,102.766
2211.6692774295807,102.766
2212.2725636959076,102.766
2213.192176103592,102.766
2213.7969341278076,102.766
2214.7196345329285,102.766
2215.3227241039276,102.766
2216.248641014099,102.766
2216.856966495514,102.766
2217.7654728889465,102.766
2218.388474225998,102.767
2219.2854764461517,102.766
2219.8992059230804,102.766
2220.813243865967,102.767
2221.4203572273254,102.766
2222.340270280838,102.767
2222.9482707977295,102.766
2223.8641769886017,102.766
2224.468816280365,102.766
2225.385003566742,102.766
2225.9926493167877,102.766
2226.910068511963,102.766
2227.519940137863,102.766
2228.4399626255035,102.766
2229.0515818595886,102.766
2229.9663138389587,102.766
2230.790112018585,102.765
2231.480882883072,102.766
2232.307139635086,102.765
2233.009163379669,102.765
2233.8275582790375,102.765
2234.5291397571564,102.765
2235.3494729995728,102.765
2236.0474183559418,102.765
2236.8646037578583,102.765
2237.565455198288,102.764
2238.390564441681,102.765
2239.091457128525,102.765
2239.920245409012,102.765
2240.6273918151855,102.764
2241.4525220394135,102.764
2242.1503505706787,102.764
2242.978766441345,102.764
2243.6841955184937,102.764
2244.5109293460846,102.765
2245.2082171440125,102.764
2246.0339226722717,102.764
2246.73192858696,102.764
2247.552362680435,102.764
2248.256094932556,102.764
2249.089247226715,102.764
2249.7856776714325,102.764
2250.5982251167297,102.764
2251.3114733695984,102.764
2252.1201066970825,102.764
2252.8393564224243,102.763
2253.6446850299835,102.763
2254.359462738037,102.763
2255.1636729240417,102.763
2255.8804128170013,102.763
2256.6928613185883,102.763
2257.412078857422,102.763
2258.218945503235,102.763
2258.9428453445435,102.762
2259.737401485443,102.763
2260.475294113159,102.762
2261.271979570389,102.762
2262.0097658634186,102.762
2262.8035883903503,102.762
2263.5375349521637,102.762
2264.331501722336,102.762
2265.061579465866,102.762
2265.8547592163086,102.761
2266.5878686904907,102.761
2267.3754045963287,102.76
2268.1089885234833,102.76
2268.8992652893066,102.76
2269.628301382065,102.76
2270.419677734375,102.759
2271.162528991699,102.759
2271.9414162635803,102.758
2272.6981332302094,102.758
2273.4569532871246,102.758
2274.2174787521362,102.757
2274.9792540073395,102.757
2275.742338180542,102.757
2276.4983265399933,102.756
2277.2639865875244,102.756
2278.0214710235596,102.755
2278.792825460434,102.755
2279.540241241455,102.754
2280.3193714618683,102.754
2281.0682809352875,102.754
2281.8498945236206,102.753
2282.5959374904633,102.753
2283.3715348243713,102.752
2284.1162214279175,102.752
2284.8872742652893,102.751
2285.6476480960846,102.751
2286.4067356586456,102.75
2287.1694898605347,102.75
2287.9293801784515,102.75
2288.693124771118,102.749
2289.4552533626556,102.748
2290.2141938209534,102.748
2291.131034374237,102.748
2291.741281747818,102.748
2292.6536407470703,102.747
2293.260188102722,102.747
2294.1864647865295,102.746
2294.79452753067,102.746
2295.7087643146515,102.745
2296.311367750168,102.745
2297.242978334427,102.745
2297.831253051758,102.745
2298.760013103485,102.744
2299.3532943725586,102.744
2300.28719830513,102.744
2300.8762290477753,102.743
2301.812429666519,102.744
2302.4067516326904,102.743
2303.3349421024323,102.743
2303.923180580139,102.743
2304.853451490402,102.742
2305.4544546604156,102.742
2306.3639254570007,102.742
2306.9819095134735,102.742
2307.8846538066864,102.742
2308.518163204193,102.742
2309.413382291794,102.741
2310.051037788391,102.742
2310.936206102371,102.742
2311.574765920639,102.741
2312.469735145569,102.741
2313.1034893989563,102.741
2313.981062889099,102.741
2314.632312774658,102.741
2315.4939863681793,102.741
2316.1425774097443,102.741
2317.0135939121246,102.74
2317.6647255420685,102.74
2318.539142370224,102.74
2319.191552877426,102.74
2320.065507888794,102.74
2320.718553543091,102.74
2321.5875647068024,102.74
2322.239419937134,102.739
2323.1071486473083,102.739
2323.760047197342,102.739
2324.6310465335846,102.739
2325.28510594368,102.739
2326.155586242676,102.739
2326.8082621097565,102.738
2327.6729378700256,102.738
2328.3369705677032,102.738
2329.201632499695,102.738
2329.8500320911407,102.738
2330.725581884384,102.737
2331.3765227794647,102.737
2332.242351770401,102.737
2332.8898787498474,102.737
2333.773299217224,102.737
2334.4043278694153,102.736
2335.2868270874023,102.736
2335.91938996315,102.736
2336.806180000305,102.736
2337.4396810531616,102.736
2338.3303010463715,102.735
2338.962647676468,102.735
2339.8424701690674,102.735
2340.4907393455505,102.735
2341.37340092659,102.735
2342.0102632045746,102.734
2342.8900816440582,102.734
2343.5214240550995,102.734
2344.414602279663,102.734
2345.050792455673,102.734
2345.9303126335144,102.734
2346.563947916031,102.733
2347.4459364414215,102.733
2348.082233428955,102.733
2348.9653356075287,102.733
2349.6032202243805,102.733
2350.4882111549377,102.733
2351.269232273102,102.733
2352.0122785568237,102.733
2352.790210008621,102.733
2353.5369296073914,102.733
2354.31227517128,102.733
2355.052887439728,102.733
2355.8371856212616,102.733
2356.576998949051,102.733
2357.3718287944794,102.733
2358.098072052002,102.732
2358.8936116695404,102.733
2359.6257224082947,102.733
2360.420355319977,102.733
2361.1510639190674,102.733
2361.9446132183075,102.733
2362.678338289261,102.733
2363.4703934192657,102.733
2364.197018623352,102.733
2364.9903819561005,102.733
2365.721160173416,102.733
2366.513985157013,102.733
2367.247266292572,102.733
2368.0402133464813,102.733
2368.773143529892,102.733
2369.5620605945587,102.733
2370.2924904823303,102.733
2371.083993911743,102.733
2371.8163833618164,102.733
2372.604692220688,102.734
2373.349562883377,102.734
2374.126800775528,102.734
2374.87491106987,102.734
2375.6499531269073,102.734
2376.401644706726,102.734
2377.1765847206116,102.734
2377.9171187877655,102.734
2378.6970942020416,102.734
2379.4394829273224,102.734
2380.2163116931915,102.734
2380.958443403244,102.735
2381.7334339618683,102.735
2382.48046541214,102.735
2383.2611253261566,102.735
2384.002424478531,102.735
2384.778516292572,102.736
2385.5236377716064,102.736
2386.2886176109314,102.736
2387.0490736961365,102.736
2387.8115663528442,102.736
2388.567244529724,102.737
2389.32883310318,102.737
2390.082250356674,102.737
2390.8546121120453,102.737
2391.598494052887,102.738
2392.3769330978394,102.738
2393.1234407424927,102.738
2393.9078085422516,102.738
2394.649308681488,102.738
2395.4217989444733,102.739
2396.1754915714264,102.738
2396.952348947525,102.739
2397.6926882267,102.739
2398.4815475940704,102.739
2399.211234331131,102.739
2400.0048427581787,102.739
2400.7313442230225,102.739
2401.524323940277,102.739
2402.254273414612,102.739
2403.0415484905243,102.739
2403.785336971283,102.739
2404.56187748909,102.739
2405.307765483856,102.739
2406.0842010974884,102.739
2406.830911874771,102.739
2407.6085274219513,102.739
2408.3518512248993,102.739
2409.129574775696,102.739
2409.8722937107086,102.738
2410.6555132865906,102.738
2411.564155101776,102.738
2412.183394432068,102.738
2413.0756011009216,102.738
2413.7144479751587,102.737
2414.6055624485016,102.737
2415.243992805481,102.737
2416.1280641555786,102.737
2416.767622232437,102.737
2417.6473300457,102.736
2418.2894434928894,102.736
2419.163339614868,102.736
2419.8161973953247,102.736
2420.6949095726013,102.735
2421.3334798812866,102.735
2422.2221069335938,102.735
2422.861344575882,102.735
2423.746429204941,102.734
2424.3851611614227,102.734
2425.264230966568,102.734
2425.913012742996,102.734
2426.781887292862,102.733
2427.433146715164,102.733
2428.299602508545,102.732
2428.9523344039917,102.732
2429.8231201171875,102.732
2430.476226568222,102.732
2431.3508729934692,102.732
2432.004305124283,102.731
2432.8801839351654,102.731
2433.534393310547,102.731
2434.4088089466095,102.73
2435.0579290390015,102.73
2435.938055753708,102.73
2436.58158826828,102.73
2437.4675068855286,102.729
2438.0970442295074,102.729
2438.9933145046234,102.729
2439.6101593971252,102.729
2440.526377439499,102.728
2441.1367189884186,102.728
2442.0477883815765,102.728
2442.648614883423,102.728
2443.5636768341064,102.728
2444.1713650226593,102.728
2445.089506626129,102.727
2445.698257446289,102.727
2446.616257429123,102.727
2447.22287273407,102.726
2448.1411588191986,102.726
2448.7500545978546,102.726
2449.6696615219116,102.726
2450.2736988067627,102.726
2451.1930451393127,102.726
2451.8020253181458,102.726
2452.7136471271515,102.725
2453.3191347122192,102.725
2454.2383377552032,102.725
2454.8479866981506,102.725
2455.762731075287,102.725
2456.3699848651886,102.724
2457.2843692302704,102.724
2457.8875296115875,102.724
2458.802248477936,102.724
2459.4026429653168,102.724
2460.317314147949,102.723
2460.925036907196,102.723
2461.8399426937103,102.723
2462.446228504181,102.723
2463.3641419410706,102.723
2463.9731109142303,102.723
2464.894336462021,102.722
2465.5031435489655,102.723
2466.4263350963593,102.722
2467.0312156677246,102.722
2467.946682214737,102.722
2468.5513553619385,102.721
2469.4688758850098,102.721
